ID,Username,Isi Thread,teks_bersih,label,prediksi_cv
1,_vinetta,"Qadarullah semalam terima kabar ini
Selamat atas promosinya suamiku sayang. Semoga selalu langkahmu dimudahkan Allah swt..
Semangat untuk keluarga kecil kita yaa
Aku selalu sayang sama kamu mas. Selama ini dari awal menikah sampai 3 tahun LDM-nya masih ketemu seminggu sekali. Sekarang belum ada bayangan sih bakal gimana Dan aku lagi tubel di STAN. Jadi semoga aku bisa menyelesaikan studiku dengan baik juga, sambil jaga bayi mungil inii Mohon doanya",qadarullah malam terima kabar selamat atas promosi suami sayang moga selalu langkah mudah allah swt semangat keluarga kecil selalu sayang sama mas lama awal meni tahun ldm ketemu minggu sekali sekarang belum_bayangan bakal tubel stan moga selesai studi baik jaga bayi mungil ini mohon doa,positif,positif
2,nrachman77,"Saya punya teman orang pajak. Tiap hari ketika kerja selalu was was, kerja ga enak hati dan pikirannya suka ga fokus. Salah satu yang bikin ia tenang jika ibadah tepat waktu, rata2 pegawai pajak itu rajin ibadah. Sholat tepat waktu suka sedekah dll. Dengan harapan bisa menyeimbangkan dengan pekerjaan utamanya. Saya ga banyak komentar, ia tau tentang hadis pemungut pajak namun belum bisa move ke pekerjaan lain. Barangkali disini ada yang pernah kerja sebagai pegawai pajak dan gmn cr bsa pindah",teman pajak tiap hari kerja selalu was was kerja tidak_enak hati pikir suka tidak_fokus salah satu bikin tenang ibadah tepat rata pegawai pajak rajin ibadah sholat tepat suka sedekah harap imbang kerja utama tidak_komentar tau hadis mungut pajak belum_move kerja barangkali sini pernah kerja pegawai pajak pindah,negatif,netral
3,nafkahnation.dx,"Temen gw kerja di KPP Pratama. Bagian pelayanan. Bukan pemeriksa. Bukan konsultan pajak. Tiap minggu dia liat org dateng, bawa map berisi sertifikat rumah warisan orang tua. Dateng buat urus pajak balik nama.Wajah mereka sama semua: kaget, bingung, marah.Dia sebut satu angka yg bikin gw mules:""90% dari mereka harusnya bayar NOL. Bukan puluhan juta. Tapi gak ada yg kasih tau."" Ada satu surat. Namanya S** P**. Dan hampir gak ada warga yg tau.",temen kerja kpp pratama bagi layan bukan_pemeriksa bukan_konsultan pajak tiap minggu liat dateng bawa map isi sertifikat rumah waris tua dateng urus pajak balik nama wajah sama kaget bingung marah sebut satu angka bikin mules bayar nol bukan_puluhan juta tidak_kasih tau satu surat nama hampir tidak_warga tau,negatif,netral
4,ikramlabs,"Tadi habis nyimak rekan instansi gue nyeritain pengalamannya dia kerja di Ditjen Pajak. Salah satu Wajib Pajak (WP) yang dia urus datengin ruang kerjanya di sore hari banget menjelang maghrib sambil bawa kardus yang besarnya mencolok dan berat banget bersama dengan konsultan pajaknya dia. Kantor udah sepi, temen-temennya udah pada pulang juga. Pas temen gue ini liat tuh kardus isinya uang tunai pecahan seratus ribuan penuh! Si konsultan bilang ""mas ini buat kamu, kasih juga si bos ya"".
Singkat cerita rekan gue itu nolak ya.
Konsultan langsung putus asa dong, duit segitu ditolak ya mau ngapain lagi coba? Tapi nggak lama si konsultan bilang, ""waktu itu saya pernah ngurus ginian juga di Jambi, pegawainya sama sok-nya kayak kamu. Terakhir saya dapet info istri sama anaknya meninggal"".
Temen gue jawab dengan statement yang gue udah sangat paham sebenernya, tapi kalau gue di posisi dia saat itu pasti udah naik darah duluan lah. Gila aja nih orang bawa-bawa keluarga dan ngancem nyawa segala. Jadilah statement ""biasa"" yang udah gue tahu itu berasa jauh lebih menyentuh hati dengernya.
Dia bilang,
""kalau Allah takdirkan saya atau keluarga saya meninggal di hari tertentu, maka siapapun nggak bisa mencegah dan nggak bisa juga mempercepatnya",tadi habis nyimak rekan instansi nyeritain alam kerja ditjen pajak salah satu wajib pajak wajib pajak urus datengin ruang kerja sore hari jelang maghrib bawa kardus besar colok berat sama konsultan pajak kantor sepi temen temennya pulang pas temen liat kardus isi uang tunai pecah ratus ribu penuh konsultan bilang mas kasih bos singkat cerita rekan nolak konsultan langsung putus asa uang segitu tolak mau ngapain coba tidak_lama konsultan bilang pernah ngurus ginian jambi pegawai sama sok kayak akhir dapet info istri sama anak tinggal temen jawab statement paham benar posisi naik darah duluan gila bawa bawa keluarga ngancem nyawa segala jadi statement biasa tahu asa jauh sentuh hati dengernya bilang allah takdir keluarga tinggal hari tentu siapa tidak_mencegah tidak_mempercepatnya,positif,positif
5,sherlyajawes,"Semalam aku cerita ke suamiku soal aturan pajak marketplace yg baru. Dan nemu insight menarik…
🤦🏻‍♀️ Aku 🙋🏻 Suami
🤦🏻‍♀️ : sistemnya DJP ini aneh, bukannya fokus ke penjual yg udah 500jt keatas, tapi yg dibawah 500jt juga wajib isi pernyataan omzet kalo gak mau kepotong pajak
🙋🏻: ohh gituu, jadi semua penjual walaupun omzet dibawah 500jt tetep ngisi?
🙋🏻 : intinya DJP mau mendeteksi pedagang sejak dini. Mau omzetmu msh 5jt kek, 10jt kek, pas km ngumpulin pernyataan dan data penghasilan otomatis mereka tau km punya usaha di marketplace. Kalo suatu saat nanti bisnismu berkembang mencapai 500jt, maka kewajibanmu sebagai wajib pajak auto aktif. Sistem defaultnya adalah potong pajak, makanya pernyataan omzet menjadi satu syarat supaya km gak dipotong pajak dan shopee pny dasar hukum knp km gak dipotong pajak. Bonusnya, DJP dpt datamu jg.",malam cerita suami soal atur pajak marketplace baru nemu insight tarik suami sistem djp aneh bukan fokus jual atas bawah wajib isi nyata omzet tidak_mau potong pajak ohh gituu jual walaupun omzet bawah tetep ngisi inti djp mau deteksi dagang sejak dini mau omzet msh kek kek pas ngumpulin nyata data hasil otomatis tau usaha marketplace suatu bisnis kembang capai wajib wajib pajak auto aktif sistem defaultnya potong pajak makanya nyata omzet jadi satu syarat tidak_dipotong pajak shopee pny dasar hukum tidak_dipotong pajak bonus djp dpt data,netral,netral
6,hafizrizalm,"Temen gue orang pajak. Dia bilang gini: ""Bro, orang Indonesia itu takut warisan bukan krn rebutan. Tapi krn PAJAKNYA."" Gue tanya: ""Emang warisan kena pajak?"" Dia ketawa bisa rausan Juta BRO. Satu kalimat dia yg bikin gue langsung telpon nyokap bahas sertifikat rumah.",temen pajak bilang gin bro indonesia takut waris bukan_rebutan pajak tanya waris kena pajak ketawa rausan juta bro satu kalimat bikin langsung telpon nyokap bahas sertifikat rumah,negatif,negatif
7,jnsjnsjnsjnsjnss,"Lulus STAN Tahun 2018, penempatan Kemenkeu, penempatan homebase dari 2019-sekarang, seru-seru aja. Bangun pagi bisa santai sempat olahraga, masuk-pulang tenggo, bisa sambil kuliah, no complaints sih sampai detik ini. Makasih STAN",lulus stan tahun tempat kemenkeu tempat homebase sekarang seru seru bangun pagi santai sempat olahraga masuk pulang tenggo kuliah complaints detik makasih stan,positif,positif
8,irwandiferry,"Gaji pegawai DJP itu gak setinggi yg kt bayangin, termasuk tinggi memang dibanding banyak instansi yang lain, tapi gak sampai buat diri lu jadi auto sultan dsb. untuk level staff, gaji mereka dibawah PNS pemda DKI, dibawah BI, dibawah OJK, dan masih kalah dengan banyak gaji staf di berbagai BUMN. Resiko yg mereka hadapi gak ringan, keselamatan terancam, beberapa meninggal dalam tugas, dianggap ancaman oleh masyarakat, belum lagi sistem mutasi seluruh indonesia",gaji pegawai djp tidak_setinggi bayangin masuk tinggi banding instansi tidak_diri auto sultan bagai level staff gaji bawah pns pemda dki bawah bawah ojk kalah gaji staf bagai bumn resiko hadap tidak_ringan selamat ancam beberapa tinggal tugas anggap ancam masyarakat belum_sistem mutasi seluruh indonesia,positif,positif
9,sapto_su,"Hari ini di DJP ada pelantikan atas promosi/mutasi pejabat eselon IV. Saya lihat daftarnya, ada beberapa AR yang dipromosikan dengan lokasi penempatan yang relatif jauh, misalnya dari Jakarta ke Atambua atau Jayapura, bahkan dari Medan ke Waingapu. Jadi ingat, dulu pernah ada seorang AR menelepon saya di malam hari, menanyakan apakah ada lowongan di tempat saya. Ternyata beliau termasuk dalam SK promosi yang baru saja keluar, dipromosikan menjadi Kepala Seksi di salah satu KPP di Papua.",hari djp lantik atas promosi mutasi jabat eselon lihat daftar beberapa account representative promosi lokasi tempat relatif jauh misal jakarta atambua jayapura bahkan medan waingapu ingat dulu pernah orang account representative telepon malam hari tanya lowong tempat nyata beliau masuk promosi baru keluar promosi jadi kepala seksi salah satu kpp papua,netral,positif
10,agusmaulana122019,"Saya ex-pajak. Saya kabari ga enaknya jadi pegawai pajak: 1. Mutasi Nasional, saya pernah di papua 6 tahun. Harus siap jauh dari keluarga. Pengelolaan keluarga jadi rumit. Mahal pula. 2. Kerja sebagai pemberi sanksi. Waktu itu jabatan saya pemeriksa. Pengusaha indo banyak yang ga siap sama pengujian. Ga ngerti kalo bisnis itu wajib didokumentasikan. Memberi sanksi sama pengusaha nakal adalah kebanggaan, tapi sama yang ga ngerti, jadinya perasaan bersalah. 3. Nanti saya terusin.",pajak kabar tidak_enaknya pegawai pajak mutasi nasional pernah papua tahun siap jauh keluarga kelola keluarga rumit mahal kerja beri sanksi jabat periksa usaha indo tidak_siap sama uji tidak_ngerti bisnis wajib dokumentasi beri sanksi sama usaha nakal bangga sama tidak_ngerti jadi asa salah terusin,negatif,negatif
11,virdahusna,Hi kenalin aku Virda seorang istri yang ikut bersama suami bekerja berteman dengan mutasi 🌻,kenalin virda orang istri ikut sama suami kerja teman mutasi,netral,netral
12,iqbalhabibi90,"Gak layak org pajak dikasih gaji besar Sektor swasta yg harusnya dikasih insentif sebesar mungkin krn swastalah yg nyata² menggerakkan roda ekonomi negara Kalo pendapatan sektor pajak capai target, itu sebenernya bukan prestasi mereka, tp prestasi para pekerja dan pengusaha Kok bisa²nya pegawai pajak yg digelontor bonus prestasi",tidak_layak pajak kasih gaji besar sektor swasta kasih insentif besar mungkin swasta nyata gerak roda ekonomi negara dapat sektor pajak capai target benar bukan_prestasi prestasi kerja usaha pegawai pajak gelontor bonus prestasi,negatif,negatif
13,terajanajunu,Tugas DJP tu skrg sulit ya Pajak dan kerelaan org bayar pajak makin tergerus akibat oknum2 yg menggunakan uang pajak rakyat serampangan Gimana org mau rela bayar pajak kalau gak ada lagi trust yg tercpta,tugas djp sekarang sulit pajak rela bayar pajak makin gerus akibat oknum guna uang pajak rakyat serampang mau rela bayar pajak tidak_trust tercpta,negatif,negatif
14,pra7z,"Resign dari DJP tuh salah satu perks-nya ya bisa ""dijual"" ""ex-DJP""-nya. Terima kasih DJP. 🏃‍♂️🏃‍♂️🏃‍♂️",resign djp salah satu perks jual djp terima kasih djp,positif,netral
15,jdp_1107,Rame thread DJP resign berjamaah. Untuk para senior yang sudah resign dari DJP apakah ada yang menyesal? Ternyata kerjaan di luar DJP tidak seindah yang dibayangkan. Dan ternyata di DJP tidak seburuk itu?,rame thread djp resign jamaah senior resign djp sesal nyata kerja luar djp tidak_seindah bayang nyata djp tidak_seburuk,netral,positif
16,wyomilliron3,"Isn’t that so the truth. Prefect is boring, it’s the struggle that makes us who we are. -DJP 2025",isn that the truth prefect boring the struggle that makes who are djp,positif,negatif
17,wolandgarro,"1/ Konflik kepentingan di DJP & KPP udah di level memprihatinkan. Temen gua eks KPP cerita: banyak petugas pajak yang… istrinya ternyata konsultan pajak. Kebayang gak? Di satu sisi dia punya power, di sisi lain istrinya main di bisnis yang bisa “ngurusin” WP. Dia tau titik lemah di mana, tau cara mainin, dan tau gimana deal. Polanya? Mereka nembak angka asal2an. WP ditekan, lalu ujungnya “ketemu di tengah” dgnn kontribusi. Mereka nyaman menekan semua orang karena sistemnya ngasih ruang buat itu.",konflik penting djp kpp level prihatin temen eks kpp cerita tugas pajak istri nyata konsultan pajak bayang tidak_satu sisi power sisi istri main bisnis ngurusin wajib pajak tau titik lemah tau cara mainin tau deal pola nembak angka asal wajib pajak tekan lalu ujung ketemu tengah dgnn kontribusi nyaman tekan sistem ngasih ruang,negatif,netral
18,lesssummernotes,"Djp adalah institusi pengawasan kepatuhan perpajakan. Ada institusi lain yang mengelola penerimaan negara. DJPONLINE adalah aplikasi yg digunakan DJP utk 2024 dan sebelumnya. Coretax, aplikasi terintegrasi yg digunakan DJP sejak 2025.",djp institusi awas patuh paja institusi kelola terima negara djponline aplikasi guna djp belum coretax aplikasi integrasi guna djp sejak,netral,negatif
19,unaisatuzzahro,"Dulu, suami adalah pegawai Kemen*** D*P dengan THP 2 digit. Setelah 14 tahun, akhirnya memutuskan untuk mengundurkan diri dengan hormat setelah maju mundur, beberapa kali mengambil cuti. Waktu itu, rumah masih ngontrak dan ada tabungan yang hanya cukup buat DP rumah di daerah tangsel. Sudah 5 tahun berlalu...",dulu suami pegawai kemen thp digit tahun akhir putus undur diri hormat maju mundur beberapa kali ambil cuti rumah ngontrak tabung cukup rumah daerah tangsel tahun lalu,netral,netral
20,by_marhentin.ika,"22 tahun yg lalu resmi penempatan di DJP, di KPP Tamansari Dua, sbg pelaksana di Seksi PPh Badan. Lokasi kantornya masih di ruko2 di Jln Gajah Mada, Jakarta Barat. Sekarang KPPnya sudah dilikuidasi, hanya tertinggal KPP Jakarta Tamansari. 22 tahun terlewati, udah ketemu ribuan wajib pajak dan ngalamin ribuan cerita. Pernah dimaki-maki sampe nangis, pernah juga dibawain es jeruk setermos gede sama wajib pajak pas piket SPT Tahunan, sampe dijodohin sama anaknya wajib pajak juga pernah😁",tahun lalu resmi tempat djp kpp tamansari sbg laksana seksi pph badan lokasi kantor ruko jln gajah mada jakarta barat sekarang kppnya likuidasi tinggal kpp jakarta tamansari tahun lewat ketemu ribu wajib pajak ngalamin ribu cerita pernah maki maki sampe nang pernah dibawain jeruk termos besar sama wajib pajak pas piket spt tahun sampe dijodohin sama anak wajib pajak pernah,positif,netral
21,shesarhikmainsana,Baru resign dari DJP setelah masa kerja 17th. Enaknya kerja apaan ya? Ada sih usaha. Tp masih banyak waktu luangnya. Need advice dong? Ga bisa diem soalnya.,baru resign djp masa kerja tahun enak kerja apa usaha luang need advice tidak_diem soal,netral,netral
22,silvesteralan_,"Rame nih algoritma nunjukin utas tentang PKN STAN, PNS Kemenkeu, dan Resign. Pas banget saya Lulus STAN 2018, Jadi PNS Kemenkeu 2019 penempatan kantor pusat, resign 2024. Banyak hal yang bisa dishare, yang selam ini cuma diomongin ke org terdekat aja, dan kebetulan circle saya juga ex pns kemenkeu juga rata2",rame algoritma nunjukin utas pkn stan pns kemenkeu resign pas lulus stan pns kemenkeu tempat kantor pusat resign dishare selam cuma diomongin dekat betul circle pns kemenkeu rata,netral,positif
23,fitraharis.batupahat,Ternyata di thread ini lumayan banyak cerita tentang DJP dan seputarnya ya. Saya juga alumni DJP yang resign 2023 lalu. Pengen cerita sedikit tapi ini malam ganjil. Kalo agak rame insyaa Allah besok siang kita cerita ya. Saya janji yang diceritain tentang pegawai yang baik2 aja,nyata thread lumayan cerita djp putar alumni djp resign lalu ken cerita sedikit malam ganjil rame insyaa allah besok siang cerita janji diceritain pegawai baik,positif,netral
24,ilhaamrmdn,"Lagi ramai bahas STAN, jadi pengen sedikit cerita kenapa akhirnya aku memutuskan resign setelah 3 tahun kerja, padahal sudah di 'Kemensultan",ramai bahas stan ken sedikit cerita akhir putus resign tahun kerja padahal sultan,netral,netral
25,yeshafdrna,"Punya sepupu ASN di Kementerian eselon yang katanya THP paling tinggi se Indonesia. Usia 34thn udah Kepala Seksi, sering dapat penghargaan (gak pernah di post di sosmed taunya dari tante yg post di group wa keluarga 🤭), istrinya dokter spesialis minor, praktek 3 hari aja/minggu sisanya ngurus anak2. Mobil sepupuku keluaran thn 90an beli bekas, kacanya masih diputar. Mobil istrinya city car beli bekas juga. Istrinya gak pernah pake tas branded pakenya tas UMKM",sepupu asn menteri eselon kata thp paling tinggi indonesia usia tahun kepala seksi sering harga tidak_pernah post sosmed tau tante post group keluarga istri dokter spesialis minor praktek hari minggu sisa ngurus anak mobil sepupu keluar tahun beli bekas kaca putar mobil istri city car beli bekas istri tidak_pernah pake tas branded pakenya tas umkm,positif,positif
27,ander95bnbn,"TUKIN pegawai pajak emang rata-rata gede banget ya? Di DJP, yg level pelaksana aja bisa dapat 5 juta sebulan.",tunjangan kinerja pegawai pajak rata rata besar djp level laksana juta bulan,negatif,negatif
28,benane_fashion,"SYUKURLAH BILA PURBAYA AKAN MENYEIMBANGKAN GAJI PARA ASN DISELURUH KEMENTERIAN DAN LEMBAGA2 PEMERINTAH DI RI. Sudah puluhan tahun, gaji pegawai Kementerian Keuangan secara resmi jauh lebih tinggi dari seluruh kementerian di Republik ini. Apalagi jajaran ditjen Pajak, Bea Cukai dan Perbendaharaan Negara. Alasannya supaya mereka bisa lebih jujur! Bullshit!",syukur bila purbaya imbang gaji asn seluruh menteri lembaga perintah puluh tahun gaji pegawai menteri uang resmi jauh tinggi seluruh menteri republik jajar ditjen pajak bea cukai bendahara negara alas jujur bullshit,negatif,negatif
29,meeyaardouli,"Hampir mustahil sih…. Gaji pegawai djp tinggi itu tujuannya mencegah brain drain supaya pegawainya ngga pada kabur jadi konsultan, pindah jadi tax manager persh swasta, atau pindah ke pemda yg ga terancam mutasi nasional rutin tiap 2-3 tahun sekali. Kalau ga ada benefit sama sekali dibanding bebannya (termasuk beban hujatan dan doa masuk neraka dri netijen), yakin byk yg resign/pindah pemda, terutama yg pinter2. Risiko ke pengamanan penerimaan negara kalo mereka berbalik mengamankan laba pershn",hampir mustahil gaji pegawai djp tinggi tuju cegah brain drain pegawai tidak_kabur konsultan pindah tax manager persh swasta pindah pemda tidak_terancam mutasi nasional rutin tiap tahun sekali tidak_benefit sama sekali banding beban masuk beban hujat doa masuk neraka netijen yakin resign pindah pemda utama pinter risiko aman terima negara balik aman laba pershn,positif,negatif
30,by_marhentin.ika,"Beberapa hari ini dapet DM dr temen2 internal DJP karena postingan saya seputar edukasi pajak muncul di akun mereka. Rata2 menyemangati karena memang ngga banyak pegawai DJP yg nekat muncul di medsos, kenalan bahwa mereka kerja di DJP. Ada 1 DM yg langsung tanya “bu ngga takut kena hujatan di medsos?”",beberapa hari dapet temen internal djp postingan putar edukasi pajak muncul akun rata semangat tidak_pegawai djp nekat muncul medsos kenal kerja djp langsung tanya tidak_takut kena hujat medsos,positif,netral
31,widhingrh,"pertama mau disclaimer no offense yak itu yg kerja di DJP mau sebagai AR atau apalah, kan mereka punya KPI atau target untuk pemasukan ke negara, kurang lebih seperti sales gak sih ? kan sama” harus ada pemasuk untuk perusahaan, bedanya ya sales jual produk/jasa, DJP jual kesalahan WP 😭🙏🏻 (soalnya tiap tahun tuh keluarin surat cinta mulu, minta klarifikasi data)",pertama mau disclaimer offense yak kerja djp mau account representative apa kpi target pasu negara kurang_sales tidak_sama masuk usaha beda sales jual produk jasa djp jual salah wajib pajak soal tiap tahun keluarin surat cinta mulu minta klarifikasi data,negatif,netral
32,pegawhy_negeri_swasta,"Ga sepakat...asumsi saya, Dimana2 djp lebih tinggi thp nya dibanding 80 - 90 persen pemda seindonesia",tidak_sepakat asumsi djp tinggi thp banding persen pemda indonesia,negatif,positif
33,ekkyarnindi,"Saya kerja di instansi pemda, suami di DJP. Belanja pegawai setahun di instansi saya 3,6 miliar untuk 39 pegawai. Suami saya waktu itu masih AR yang punya tim kerja 5-6 orang dengan target pemasukan ke negara lebih 5 miliar selama setahun. Itu artinya gaji 39 orang pegawai di satu instansi pemda itu dibackup dengan kinerja tidak lebih dari 5 orang pegawai DJP. Itu artinya wajar THP mereka lebih tinggi dari instansi lain.",kerja instansi pemda suami djp belanja pegawai tahun instansi miliar pegawai suami account representative tim kerja target pasu negara miliar lama tahun arti gaji pegawai satu instansi pemda dibackup kinerja tidak_pegawai djp arti wajar thp tinggi instansi,positif,negatif
34,cremona_97,Oo namanya imbalan prestasi kinerja (IPK) di djp... Bukan avanza baru tp kl seken dapet lah,nama imbal prestasi kinerja ipk djp bukan_avanza baru ken dapet,negatif,negatif
35,syifaahmgold,"Saya di KOMCAD kan lalu di tekan ini itu kak, dari kementerian yg katanya sultan. Tes kesehatan KOMCAD penuh ma-ni-pu-la-si, daripada saya mati kaya yg udh ada...Lalu saya memilih resign sekalian",komcad lalu tekan kak menteri kata sultan tes sehat komcad penuh mati kaya lalu pilih resign sekali,negatif,negatif
36,zeinelarham,"Setau saya ASN Kemenkeu DJP paling ramah Ibu dan Anak, seperti ada : ruang Laktasi, kemudahan izin jika anak sakit, ada ruang bermain jika izin bawa anak ke kantor. Jadi ASN yang pas buat perempuan, sepertinya Kemenkeu. Buat perempuan ASN yang di Kemenkeu DJP, jangan resign karena ramah ibu dan anak. entah kalo ASN kementerian lain.",tau asn kemenkeu djp paling ramah ibu anak ruang laktasi mudah izin anak sakit ruang main izin bawa anak kantor asn pas perempuan seperti kemenkeu perempuan asn kemenkeu djp jangan_resign ramah ibu anak entah asn menteri,positif,negatif
37,pajaksmart,Laporan Kinerja DJP 2025 Larangan Merekam Gak Dibahas niih ??,lapor kinerja djp larang rekam tidak_dibahas niih,negatif,negatif
38,accelerationtax,"Perspektif Internal DJP: Trigger Undangan bagi Wajib Pajak Orang Pribadi. Tahun lalu, tim kami sempat berdiskusi santai dengan salah satu mantan pegawai DJP. Banyak cerita yang kami dapatkan dari perspektif internal, salah satunya adalah trigger dasar mereka untuk mengundang Wajib Pajak melalui SP2DK, Helicopter View yang menjadi dasar analisis dari suatu grup perusahaan atau perusahaan afiliasi, dan masih banyak lagi.",perspektif internal djp trigger undang wajib pajak pribadi tahun lalu tim sempat diskus santai salah satu mantan pegawai djp cerita dapat perspektif internal salah satu trigger dasar undang wajib pajak lalu helicopter view jadi dasar analisis suatu grup usaha usaha afiliasi,netral,netral
39,resletingkolor,"Tiap ketemu WP, ""sy ikhlas bayar kalau uangnya ga dikorupsi"". Saya jg setuju Pak.....",tiap ketemu wajib pajak ikhlas bayar uang tidak_dikorupsi tuju pak,negatif,negatif
40,by_marhentin.ika,"Waah smoga makin bersinar diluar DJP ya kak, makin sukses dan berkah juga usahanya, aamiin. Memang yg bikin deg2an di DJP adalah ketidakpastian waktu & tempat mutasi, LDRan, dan ongkos tambahan yg harus ditanggung karena berjauhan dg kluarga. Saya 3,5 thn LDRan pas penempatan di Batam, alhamdulillah disupport full sama suami jadi bisa seminggu sekali pulang ke Jkt demi ketemu kluarga. Tapi ngga banyak temen2 DJP yg seberuntung saya 😰",waah smoga makin sinar luar djp kak makin sukses berkah usaha aamiin bikin deg djp ketidakpastian tempat mutasi ldran ongkos tambah tanggung jauh kluarga tahun ldran pas tempat batam alhamdulillah disupport full sama suami minggu sekali pulang jkt ketemu kluarga tidak_temen djp untung,positif,negatif
41,triekayu,"Utas kali ini aku mau share tentang perjalanan resign. Untuk para ibu bekerja khususnya PNS yang dalam fase galau ingin resign mungkin cerita ini bisa sedikit memberi insight. Aku ex PNS di DJP, dulu memilih resign dengan jalur cuti diluar tanggungan negara (CTLN) selama 3 tahun pada tahun 2020 dengan alasan ikut suami (kondisi kami LDR).",utas kali mau share jalan resign ibu kerja khusus pns fase galau resign mungkin cerita sedikit beri insight pns djp dulu pilih resign jalur cuti luar tanggung negara ctln lama tahun tahun alas ikut suami kondisi ldr,netral,netral
42,meeyaardouli,"Cerita dari pegawai kpp tempat kampus gw kerjasama (magang+tax center), banyak kok pegawai djp yang berminat pindah ke pemda…. Saking banyaknya, sampai sempat beberapa tahun kemarin kena moratorium, permohonan pindahnya ditolak semua….",cerita pegawai kpp tempat kampus kerjasama magang tax center pegawai djp minat pindah pemda saking banyak sempat beberapa tahun kemarin kena moratorium mohon pindah tolak,negatif,positif
43,,"Seprtinya bagi mereka mutasi nasional rutin itu berat, apalagi kos+ongkos mudik ga ditanggung samsek+kalo ada pilihan jadi konsultan sepertinya logis milih resign/pindah pemda…",seprtinya mutasi nasional rutin berat kos ongkos mudik tidak_ditanggung samsek pilih konsultan seperti logis milih resign pindah pemda,negatif,positif
44,ryangadiza,"Mutasi ribuan pegawai DJP, menurut kalian ini strategi perbaikan sistem atau cuma rotasi biasa?",mutasi ribu pegawai djp kalian strategi baik sistem cuma rotasi biasa,netral,netral
45,lian.ardi,saya lebih percaya ada kucing diangkat jadi presiden dari pada percaya pegawai pajak 100% bersih,percaya kucing angkat presiden percaya pegawai pajak bersih,negatif,negatif
46,irwandiferry,"Kalau kualitas, DJP itu diisi orang-orang brilian dan pinter, terlebih generasi mudanya.gue cuma bilang kalau kalian menghadapi masalah pajak dan kesal dengan itu, hate the game not the player terlebih untuk level pelaksana. mereka punya kemarahan dan kekesalan yang sama, bedanya mereka tidak bisa mengekspresikan itu seluas-luasnya. Ini juga sama untuk PNS instansi lainnya",kualitas djp isi brilian pinter lebih generasi muda cuma bilang kalian hadap masalah pajak kesal hate the game not the player lebih level laksana marah kesal sama beda tidak_mengekspresikan luas luas sama pns instansi lain,positif,positif
47,aspexsia,"itulah salah satu alasan saya resign dr DJP, di samping ada alasan lain yg jauh lebih fundamental..bos² carmuk sendiri? udah biasa... mereka cuci tangan? udah biasa juga..",salah satu alas resign djp samping alas jauh fundamental bos carmuk sendiri biasa cuci tangan biasa,negatif,netral
48,inirithma,"Yang paling gua gak terima adalah tentang pembahasan internal mereka yang gak mau mengakui bahwa coretax ini belum siap, malah menyatakan kalau penggunanya yang gak siap pakai. Jelas banget ini belum siap malah lempar batu ke pengguna which is rakyat yang bayar pajak.",paling tidak_terima bahas internal tidak_mau aku coretax belum_siap malah nyata guna tidak_siap pakai jelas belum_siap malah lempar batu guna which rakyat bayar pajak,negatif,negatif
49,edwinhartono77,"Emang bener, personel KPP mengeluh dimana mereka menerima amarah, protes dll dari pembayar pajak tapi tidak bisa berbuat apa,. Semua dipegang kantor pusat dan tidak boleh protes.",benar personel kpp keluh terima amarah protes bayar pajak tidak_berbuat pegang kantor pusat tidak_protes,negatif,negatif
50,pajaksmart,Mirisss Internal DJP Berkabung 🥹😵‍💫,miris internal djp kabung,negatif,netral
51,peaceanloovve,Fyi aja nih bang 1. Tukin djp dari 2015 blm ada kenaikan 2. AR gaada yang lulusan dari sma karena minimal d3,fyi bang tunjangan kinerja djp belum_kenaikan account representative tidak_lulusan sma minimal,netral,negatif
52,prastowoyustinus,"Beberapa hari ini rame diskusi soal STAN dan resign dari PNS. Saya juga alumnus STAN, pernah bekerja di birokrasi yaitu DJP, dan resign 2010. Kuliah di STAN memang bukan pilihan utama, tapi realistis untuk orang kampung seperti saya, saat sdh diterima di Fakultas Teknik UGM. Saya bersyukur dg semua yang saya jalani. Kesempatan kuliah yang luar biasa, mengabdi sebagai PNS yang memberi banyak ilmu kehidupan, hingga akhirnya memutuskan resign dan mengembangkan diri di ranah lain.",beberapa hari rame diskusi soal stan resign pns alumnus stan pernah kerja birokrasi djp resign kuliah stan bukan_pilihan utama realistis kampung terima fakultas teknik ugm syukur jalan sempat kuliah luar biasa abdi pns beri ilmu hidup akhir putus resign kembang diri ranah,positif,netral
53,salman__mahmudi,"Malam ini ngerenung sendiri, bersyukur banget bisa kerja di DJP instansi yg ga ada korupsinya babar blas. Top markotop. Yg resign berarti pengecut kecuali ada kepentingan lain ya. No offense.",malam ngerenung sendiri syukur kerja djp instansi tidak_korupsinya babar blas top markotop resign arti kecut penting offense,negatif,netral
54,narulita.ardiyanti,Saya resign dr 2019 dan saya bukan pengecut Sebaiknya lebih bijak saja. Kalau mu bersyukur ya bersyukur saja tidak usah ditambah hal2 yg tidak perlu,resign bukan_pengecut baik bijak syukur syukur tidak_usah tambah tidak_perlu,netral,negatif
55,syifaahmgold,"1 hal yang pasti Yang pengecut adalah yang tau itu ga nyaman dan tetap berada disana. Saya resign dari DJP bukan karena pengecut. Ooh iya menambahkan, orang yang berani resign apalagi dari DJP itu udah pasti bukan hanya pegawai yang fokus pada 1 zona aja, dan dipastikan kalo yang resign itu ga ada beban finansial berupa cicilan sih minimal",kecut tau tidak_nyaman tetap ada sana resign djp bukan_pengecut ooh tambah berani resign djp bukan_pegawai fokus zona pasti resign tidak_beban finansial upa cicil minimal,negatif,netral
56,nadhirasyahrun,"Ada kalanya kerja jadi konsultan pajak sering bikin gw berpihak ke DJP di beberapa kasus. Contoh kasus: pemeriksa pajak minta penjelasan cara pembebanan biaya jasa intragrup ke WP pas audit. Disini pemeriksanya baik, komunikatif, dan sefrekuensi sama konsultan. Namun WP nya tipe yang reluctant, defensif, dan gak mau ditanya2, padahal datanya lengkap 📑 🤷🏻‍♀️.Moto hidupnya= “Pokoknya KPP harus paham dengan data yang seadanya”. Kasian tau temen2 DJP, udah target tinggi, harus paham bahasa kalbu pula",kala kerja konsultan pajak sering bikin pihak djp beberapa kasus contoh kasus periksa pajak minta jelas cara beban biaya jasa intragrup wajib pajak pas audit sini periksa baik komunikatif frekuensi sama konsultan wajib pajak tipe reluctant defensif tidak_mau tanya padahal data lengkap moto hidup pokok kpp paham data ada kasi tau temen djp target tinggi paham bahasa kalbu,positif,positif
57,rejhaanshary,"DJP tunangannya sudah paling gede, ga usah cengeng🤣.. instansi lain jg sama aja dgn tunjangan yg jauh lebih kecil",djp tunang paling besar tidak_usah cengeng instansi sama tunjangan jauh kecil,negatif,negatif
58,bie0529,Pegawai dpp itu impian bagi asn lain...pengasilan beda jauh...byngkn dg kementerian pusat lain juga byk yg pindah2😄,pegawai dpp impi asn asil beda jauh byngkn menteri pusat pindah,negatif,negatif
59,titutayu,"Sebagai anak pensiunan DJP ini sangat relate kak, tiba2 pindah ke pulau di sulawesi yg dikelilingi lautan 🤣, 2 tahun kemudian pindah ke kota besar, eh lalu pindah Jakarta, tapi pas Sy udh kuliah akhirnya bapak ajah yg pindah ke daerah Dan pensiun baru balik Jakarta 😁. Harus siap mental emang keluarganya",anak pensiun djp relate kak tiba pindah pulau sulawesi keliling laut tahun kemudian pindah kota besar lalu pindah jakarta pas kuliah akhir bapak ajah pindah daerah pensiun baru balik jakarta siap mental keluarga,netral,negatif
60,agusmaulana122019,"Sistem mutasi yang dianggap masih efektif untuk mencegah kolusi antara petugas dan wajib pajak. Blm ada solusi lain nampaknya. Kalo kita ngambil angle pegawai pajak, mutasi ini termasuk yang menyulitkan dalam perencanaan keluarga. Semoga kompensasi pindahannya mencukupi.",sistem mutasi anggap efektif cegah kolusi tugas wajib pajak belum_solusi nampaknya ngambil angle pegawai pajak mutasi masuk sulit rencana keluarga moga kompensasi pindah cukup,netral,positif
61,yudi_armand,"Menjadi PNS DJP, pasti sudah siap dgn segala konsekuensi sejak awal, layaknya TNI, Polri, ATR BPN dll. Mentalnya pasti kuat2 utk bs hidup jauh dari homebase, berpindah2 dan ga ada kata settle. Kuat2 sodara2 ku semua yg memilih jalan ini, ga semua org mampu.",jadi pns djp siap segala konsekuensi sejak awal layak tni polri atr bpn mental kuat hidup jauh homebase pindah tidak_kata settle kuat sodara pilih jalan tidak_mampu,positif,negatif
62,lian.ardi,Saya lebih percaya ada kucing diangkat jadi presiden daripada percaya pegawai pajak 100% bersih.,percaya kucing angkat presiden percaya pegawai pajak bersih,negatif,negatif
63,ro.sadi,"Satpam: 3jt, 3jt, 3jt; Manajer: 15jt, 15jt, 20jt, 25jt, 30jt; Content Creator: 0, 5jt, 0, 50jt; Pegawai Pajak: 10jt, 10jt, 500jt, 1M, ketangkep.",satpam manajer content creator pegawai pajak ketangkep,negatif,negatif
64,salman__mahmudi,"Saya pegawai pajak dan merasa utas ini keliru. Hampir semua pegawai pajak bersih, bahkan ada yang tidak bisa kurban karena tidak punya uang.",pegawai pajak rasa utas keliru hampir pegawai pajak bersih bahkan tidak_kurban tidak_uang,positif,negatif
65,nafkahnation.dx,"Cerita teman yang bekerja di KPP Pratama dan sering melihat wajib pajak kaget, bingung, dan marah saat mengurus pajak balik nama warisan.",cerita teman kerja kpp pratama sering lihat wajib pajak kaget bingung marah urus pajak balik nama waris,netral,negatif
66,kaaleno,Mutasi bank orang pribadi memang boleh diintip DJP?,mutasi bank pribadi intip djp,netral,netral
67,ryangadiza,"Menurut Anda, data apa yang paling sering memicu SP2DK dari DJP?",data paling sering picu djp,netral,netral
68,jdp_1107,Rame thread DJP resign berjamaah. Apakah ada mantan pegawai DJP yang menyesal resign atau justru merasa keputusan tersebut tepat?,rame thread djp resign jamaah mantan pegawai djp sesal resign justru rasa putus tepat,netral,negatif
69,rizkiagung888,Banyak seller marketplace mengaku omzet miliaran tetapi belum pernah melapor pajak. Menyoroti kesiapan menghadapi keterbukaan data omzet.,seller marketplace aku omzet miliar belum_pernah lapor pajak sorot kesiap hadap buka data omzet,netral,netral
70,iam.bnafis,"Instansi CPNS dengan tukin tertinggi: Pemprov DKI, DJP, Kemenkeu, BPKP, BPK, Mahkamah Agung.",instansi cpns tunjangan kinerja tinggi pemprov dki djp kemenkeu bpkp bpk mahkamah agung,positif,negatif
71,unaisatuzzahro,Cerita suami yang mengundurkan diri dari DJP setelah 14 tahun bekerja dan perjalanan hidup setelah resign.,cerita suami undur diri djp tahun kerja jalan hidup resign,netral,netral
72,dehankrzl,DJP itu di bawah Kemenkeu bukan? Atau memang tukinnya berbeda sendiri dibanding direktorat lain di Kemenkeu?,djp bawah kemenkeu bukan_tukinnya beda sendiri banding direktorat kemenkeu,netral,positif
73,unaisatuzzahro,Cerita tentang suami yang mengundurkan diri dari DJP setelah 14 tahun bekerja dan kondisi kehidupan setelah resign.,cerita suami undur diri djp tahun kerja kondisi hidup resign,netral,netral
74,ryangadiza,"Mana yang paling sering jadi temuan DJP: biaya entertainment, biaya tanpa bukti, atau natura? Share pengalaman Anda.",paling sering temu djp biaya entertainment biaya tanpa_bukti natura share alam,netral,netral
75,rizkiagung888,Per 1 Agustus 2026 PPh 22 marketplace berlaku. Omzet toko akan lebih mudah diketahui DJP dan menyoroti cara pemeriksa pajak bekerja.,agustus pph marketplace laku omzet toko mudah tahu djp sorot cara periksa pajak kerja,netral,netral
76,risxrs,Menanyakan apakah terdapat Direct API resmi DJP untuk integrasi sistem Core Tax dengan ERP perusahaan.,tanya dapat direct api resmi djp integrasi sistem core tax erp usaha,netral,netral
77,accelerationtax,Membahas perspektif internal DJP terkait trigger SP2DK dan proses analisis wajib pajak berdasarkan pengalaman mantan pegawai DJP.,bahas perspektif internal djp kait trigger proses analisis wajib pajak dasar alam mantan pegawai djp,netral,netral
78,legalist.hub,Memberikan langkah konkret terkait isu pemotongan pajak marketplace per 1 Agustus.,beri langkah konkret kait isu potong pajak marketplace agustus,netral,negatif
79,muhamadfajri1997,Menanyakan kebenaran isu DJP mengecek omzet tahun 2025 dan dampaknya terhadap batas omzet.,tanya benar isu djp ecek omzet tahun dampak batas omzet,netral,netral
80,nadiwahari,Menanyakan alasan masih menerima email dari DJP meskipun sudah melaporkan SPT dengan hasil nihil.,tanya alas terima email djp meski lapor spt hasil nihil,netral,netral
81,ryangadiza,Membahas dasar resmi DJP menerbitkan SP2DK dan meminta pendapat apakah SP2DK merupakan pengawasan wajar atau membuat wajib pajak takut.,bahas dasar resmi djp terbit minta dapat rupa awas wajar buat wajib pajak takut,netral,netral
82,Strategypajak.id,Menjelaskan sistem CRM DJP yang menilai risiko wajib pajak dan faktor-faktor yang meningkatkan risk score.,jelas sistem crm djp nilai risiko wajib pajak faktor faktor tingkat risk score,netral,netral
83,acinomxks,Berbagi pengalaman pelayanan di KPP terkait penggunaan surat kuasa dan verifikasi identitas direktur.,bagi alam layan kpp kait guna surat kuasa verifikasi identitas direktur,netral,positif
84,acinomxks,Menjelaskan bahwa persyaratan administrasi bertujuan menjaga keamanan data wajib pajak meskipun mengurangi kepraktisan.,jelas syarat administrasi tuju jaga aman data wajib pajak meski kurang praktis,positif,negatif
85,beka.moya,"Dari ex-DJP untuk wajib pajak: ""Laporlah sebelum data yang melaporkan.""",djp wajib pajak lapor data lapor,positif,netral
86,ngertitentangpajak,Mengajak wajib pajak yang menerima SP2DK untuk berbagi pengalaman dan menawarkan bantuan.,ajak wajib pajak terima bagi alam tawar bantu,positif,netral
87,elshaaudityaa,"Pajak Marketplace PPh 22 0,5% RESMI DITUNDA GUYS!!!!
Belum jalan seminggu peraturan dah dicancel… dah terlanjur bikin repot dan bikin cemas seantero negeri.
Beginilah kalau kebijakan tidak dikaji, tidak didiskusikan, tidak dipelajari dengan baik, akhirnya satu Indonesia raya yang kena 🤦🏼‍♀️🤦🏼‍♀️
Pertanyaannya , lalu pajak yang udh terlanjur dipotong 1-5 Agustus gimana? 🫠🫠🫠
Masih didiskusikan",pajak marketplace pph resmi tunda guys belum_jalan minggu atur dicancel lanjur bikin repot bikin cemas antero negeri begini bijak tidak_dikaji tidak_didiskusikan tidak_dipelajari baik akhir satu indonesia raya kena tanya lalu pajak lanjur potong agustus diskusi,negatif,netral
88,mitahandra,Mulai skrg sblm bayar pajak berdoa dulu guys “aku haramkan uang pajakku untuk para pejabat korupsi sampai ke anak cucunya. Dan miskinkan harta mereka yg memakan uang pajakku. Amiin”,mulai sekarang sblm bayar pajak doa dulu guys haram uang pajak jabat korupsi anak cucu miskin harta makan uang pajak amiin,negatif,negatif
89,aguyyugaaguy,"To the point aja ya warga thread,
Saya penyuluh pajak di salah satu KPP Jakarta.
Feel Free dan For Free alias GRATIS.
Bagi yg masih bingung masalah per-coretax-an, termasuk cara Lapor SPT, boleh tanya-tanya di komen atau welcome DM jg kalau merasa perlu sharing data privasi.
“Pajak ini sudah jadi beban bagi banyak orang, jangan sampai ongkos kepatuhannya juga membebani orang banyak lagi”
Disclaimer: Hanya inisiatif pribadi, ga mau kalah semangat dgn teman2 yg nawarin jasa berbayar. 🙂",the point warga thread suluh pajak salah satu kpp jakarta feel free for free alias gratis bingung masalah coretax masuk cara lapor spt tanya tanya komen welcome rasa perlu sharing data privasi pajak beban jangan_ongkos patuh beban disclaimer inisiatif pribadi tidak_mau kalah semangat teman nawarin jasa bayar,positif,positif
90,ernandaputra,"Bentar..bentar.. Kalo dipikir logikanya, kita yang kerja, kita yang bayar pajak. Trus kita juga yang harus ribet ngelaporin. Harusnya pemerintah ga sih yg laporan ke kita, pajak yang uda kita sumbang itu dipake buat apa aja? secara rinci & jelas. Setiap tahun.",bentar bentar pikir logika kerja bayar pajak terus ribet ngelaporin perintah tidak_laporan pajak uda sumbang dipake rinci jelas tahun,negatif,negatif
91,ardha.pengendali.pajak,"pajak marketplace ditunda, Malah jadi lebih rumit.
Kenapa?
Karena udh pada terlanjur setting semua di balik layar. Npwp, Nik. Jadi ud pada konek jg datanya. Dan kalo ditunda berarti cape lagi lu pada itung pph umkm 0.5% nya sendiri. Bedanya kmrn dipotongin sama platform, abis ini ya itung sama setor sndiri. Yg ga nyetor nanti kena sp2dk. Kan ud pada konek semua.
Duh kasian nih yg kmrn ud konsul... Jd bingung lg kan.. Mana ga diajarin cara nya setor pph final umkm 0.5% mandiri pula",pajak marketplace tunda malah rumit lanjur setting balik layar npwp nik konek data tunda arti cape itung pph umkm sendiri beda kemarin dipotongin sama platform abis itung sama setor sndiri tidak_nyetor kena konek duh kasi kemarin konsul bingung tidak_diajarin cara setor pph final umkm mandiri,negatif,negatif
92,zehanrusydah,"eh btw 82% pendapatan negara berasal dari pajak rakyat. jd kalo rakyat ngkritik kebijakan itu bukan kurang ajar. Itu wajar.
thank u",btw dapat negara asal pajak rakyat rakyat ngkritik bijak bukan_kurang ajar wajar thank,netral,negatif
93,monicsiman,"Percayalah setelah kalian punya PT sendiri baru tau betapa kejam nya pemerintah narikin pajak kita 🥹🥹
Bener bener semua harus di pajakin 😭😭",percaya kalian sendiri baru tau betapa kejam perintah narikin pajak benar benar pajakin,negatif,negatif
94,reeaaaaaaaaaana,"Ijin bertanya suhu 🙏🏻
Kami ada sp2dk pembahasan di PPh pasal 21 nya..
Ada bupot tenaga ahli dengan dpp 50% x 5% tiap bulan.
Emang adaa di akhir tahun/ bulan Desember dihitung ulang totalnya penerimaan dengan dpp 50% x sesuai tarif progresif pasal 17?
Case nya tahun 2023 yaa,
Sangat butuh pencerahaaaann 🥹🙏🏻",ijin tanya suhu bahas pph pasal bupot tenaga ahli dpp tiap bulan adaa akhir tahun bulan desember hitung ulang total terima dpp sesuai tarif progresif pasal case tahun butuh pencerahann,netral,negatif
95,nanamirdad_,"Bayar pajak itu gpp.. Bener deh.. Negara2 lain juga bayar pajak, bahkan banyak yang lebih tinggi.
Tapi nyesek adalah ketika kita ditekan sebegininya ( sampe ada tukang bakso rencana diminta 6 juta sebulan untuk bayar pajak 🥹 ) TETAPI yang kita dapet ngga sebanding dengan di negara2 maju lainnya dengan tarif pajak yang kurang lebih sama. Bahkan bukan hanya ngga sebanding, betul2 nyaris ngga ada public service and infrastructure yang layak dengan APBN yang diterima.
Harus gimana sih sebetulnya 😔",bayar pajak gpp benar negara bayar pajak bahkan tinggi nyesek tekan begini sampe tukang bakso rencana minta juta bulan bayar pajak dapet tidak_sebanding negara maju lain tarif pajak kurang_sama bahkan bukan_tidak banding betul nyaris tidak_public service and infrastructure layak apbn terima,negatif,negatif
96,putriiaulia,"Jujur gue kasian tp ga kaget sih UMKM pd dikejar2in pajak sampe kerumahnya, td lewat tukang bakso aja disuruh bayar pajak 6jt/month, gilakk.
Tp ya udh sesuai emg sama visi misi prabowo, kan dulu pas kampanye di visimisinya ditulis bakal narikin pajak UMKM dan NAIKIN GAJI PEJABAT😂😂🔫 yg ogeb yg milih.",jujur kasi tidak_kaget umkm kejar pajak sampe rumah lewat tukang bakso suruh bayar pajak month gilakk sesuai sama visi misi prabowo dulu pas kampanye visimisinya tulis bakal narikin pajak umkm naikin gaji jabat ogeb milih,negatif,negatif
97,septyratusalon,"Baru 5 hari berjalan, kebijakan pajak toko online malah ditunda. Perencanaannya ke mana? Jangan bikin aturan tergesa-gesa kalau akhirnya malah ditarik lagi. Yang bingung dan dirugikan justru masyarakat dan pelaku usaha!😤",baru hari jalan bijak pajak toko online malah tunda rencana jangan_bikin atur gesa gesa akhir malah tarik bingung rugi justru masyarakat laku usaha,negatif,netral
98,pakcandraaa,"Kita yg bayar pajak, kita yg lapor.
Kita gak lapor, kena denda.
LAH? YG MAKE PAJAK KENYANG-KENYANG AJA",bayar pajak lapor tidak_lapor kena denda make pajak kenyang kenyang,negatif,negatif
99,king.syah,"Negara udah bingung cari penghasilan, sampe Strava yang biasa kita pakai untuk lari pun kena pajak 11%",negara bingung cari hasil sampe strava biasa pakai lari kena pajak,negatif,negatif
100,ilmuumkm.id,"oodnews, pajak ecommerce resmi dibatalkan setelah berjalan nyaris 5 hari",oodnews pajak ecommerce resmi batal jalan nyaris hari,netral,netral
101,gerryprayudi,"Saya warga Solo, hari ini mau bayar pajak mobil, kaget karena naik 200 ribu dari tahun lalu. 2024 bayar 3,6 juta, 2025 naik jadi 4,2 juta. Tahun ini 2026 naik lagi jadi 4,4 juta. Padahal tiap tahun nilai mobilnya selalu turun, kenapa pajaknya malah selalu naik yaa? 🥲",warga solo hari mau bayar pajak mobil kaget naik ribu tahun lalu bayar juta naik juta tahun naik juta padahal tiap tahun nilai mobil selalu turun pajak malah selalu naik,negatif,negatif
102,ddilady,"serius nanya. aku abis dikasih tau petugas pajak kalo mending wajib pajak nya di non aktifkan aja (soalnya cuma buat aff). biar gausah repot lapor tiap tahun. nah mau tanya kalo di non aktifkan gitu, misal ada komisi masuk dari aff sopi, apa komisinya bisa tetep masuk?🤔",serius nanya abis kasih tau tugas pajak mending wajib pajak non aktif soal cuma aff gausah repot lapor tiap tahun nah mau tanya non aktif misal komisi masuk aff sopi komisi tetep masuk,netral,negatif
103,putirmaput,"Dasar gak tau diri! Tidak seharusnya kendaraan plat merah yang notabene dibeli dengan uang pajak rakyat diubah ke plat pribadi dan digunakan untuk kepentingan pribadi diluar dinas
@wonosobozone
 
@icw_net
 
@satlantaspolreswonosobo
 
@inspektorat_jtg
 @inspektoratwonosobo",dasar tidak_tau diri tidak_kendaraan plat merah notabene beli uang pajak rakyat ubah plat pribadi guna penting pribadi luar dinas,negatif,negatif
104,niarwitya,"Rasanya pemerentah skrg klo bikin kebijakan pajak grusa grusu ya, ttg coretax, pmk ppn dtp, trs ini peraturan pajak marketplace. Perasaan dulu waktu ppn naik 1 persen ga se grusa grusu ini deh. Ada sosialisasinya dulu, pmk dikeluarin ya udh itu ga direvisi atau gajadi kek gini....",rasa entah sekarang bikin bijak pajak grusa grusu ttg coretax pmk ppn dtp terus atur pajak marketplace asa dulu ppn naik persen tidak_grusa grusu sosialisasi dulu pmk dikeluarin tidak_direvisi gajadi kek gin,negatif,negatif
105,nableu_,"Bayangin lo ngga bayar pajak karena lupa tanggal nya, tiba2 rumah lo didatengin TNI atau Polri. Deym keren banget berasa kriminal kelas kakap",bayangin tidak_bayar pajak lupa tanggal tiba rumah didatengin tni polri deym keren asa kriminal kelas kakap,negatif,negatif
106,sasmi.andriyani,apa ya kelebihannya jadi prioritas di kantor pajak?,lebih prioritas kantor pajak,negatif,positif
107,sandysukmana_,ada negara yang nagihin pajak rakyatnya sampai petugasnya turun ke jalan. tapi gamau dengerin aspirasi rakyatnya yang turun ke jalan,negara nagihin pajak rakyat tugas turun jalan gamau dengerin aspirasi rakyat turun jalan,negatif,negatif
108,dcrisniaty,"dear staff pajak yg ngerjain fp , kasih aku paham dong kalo uang muka penjualan tuh di nama barangnya harus pake kata UANG MUKA ga? contoh UANG MUKA PVC 13x03 atau cukup dengan PVC 13x03 aja ? soalnya first time pake Faktur Pajak Uang Muka
thx u 🫶🏻",dear staff pajak ngerjain kasih paham uang muka jual nama barang pake kata uang muka tidak_contoh uang muka pvc cukup pvc soal first time pake faktur pajak uang muka thx,netral,negatif
109,nrmaulidia,"Dear Mahasiswa Accounting
Kalau belum jago jurnal, ada matkul pajak materinya perhitungannya aja. Jangan lupa belajar jurnalnya juga yak. Di dunia kerja belum tentu kamu punya leader yg membimbing dan atau temen di divisi accounting aliasnya sendiri aja. Sebagai FG biar gak gila. Apalagi perusahannya mau transisi dari manual ke sistem🔥🧨",dear mahasiswa accounting belum_jago jurnal matkul pajak materi hitung jangan_lupa ajar jurnal yak dunia kerja belum_leader bimbing temen divisi accounting alias sendiri tidak_gila usah mau transisi manual sistem,netral,negatif
110,nioald,"Lagi rame berita Kanwil DJP Jaksel baru aja blokir rekening bank milik 57 wajib pajak. Total saldo yang ketahan di bank nggak main main, tembus 80 miliar rupiah. Banyak pengusaha yang kaget kok bisa kantor pajak main blokir rekening nasabah gitu aja. Emang boleh dan sah secara hukum buat bekukan duit orang?",rame berita kanwil djp jaksel baru blokir rekening bank milik wajib pajak total saldo tahan bank tidak_main main tembus miliar rupiah usaha kaget kantor pajak main blokir rekening nasabah sah hukum beku uang,negatif,negatif
111,alfian.saka,"Jujur sejak awal mendirikan usaha tahun 2015, saya ga pernah ada niatan tidak bayar pajak. Buka usaha ingin fokus berkembang dan lancar. Menggaji finance juga salah satunya untuk perpajakan, awal mungkin masih OK ada SP2DK masih belajar. Tapi ternyata setelah mengalami bayar denda (seperti di perlakukan maling) muncul persepsi, selama ini kita rapih kok masih di cari-cari kesalahan? Kalau gitu ga perlu rapi rapi amat 🥲 belum lagi duit pajak yang terlihat di hambur-hamburkan, trust issue.",jujur sejak awal diri usaha tahun tidak_pernah niat tidak_bayar pajak buka usaha fokus kembang lancar gaji finance salah satu paja awal mungkin ajar nyata alami bayar denda laku maling muncul persepsi lama rapih cari cari salah tidak_perlu rapi rapi belum_uang pajak lihat hambur hambur trust issue,negatif,negatif
112,segantarii,"Ebusetttt ampe gaji dari pajak pun di atur mau dipake buat apa, kebiasaan beli buku juga keknya bakal di julit ni , btw gua ga nyangka bro gua (seorang PeeNeS) juga seorang penulis 
@sepiahara_
 , gua baca dulu ya bang 🤣🤣🤣",ebuset ampe gaji pajak atur mau dipake biasa beli buku kek bakal julit btw tidak_nyangka bro orang peenes orang tulis baca dulu bang,negatif,negatif
113,maiaestiantyreal,"Aturan pajak seller online 0,5% ditunda, busyeeettt, ibarat orang, ini aturan kayak manusia plin plan ya??? Kayak gak di plan gitu loh… pantesan banyak investor pindah ke negara lain, lah wong aturan nya aja berubah-ubah mulu … piye Jal ???",atur pajak seller online tunda busyet ibarat atur kayak manusia plin plan kayak tidak_plan pantesan investor pindah negara wong atur ubah ubah mulu piye jal,negatif,negatif
114,shintawkk95,"As a tax consultant, gue kasihan sih sama DJP. 🤣
Yang korup kebanyakan justru dari instansi yang tugasnya spending money (walaupun di DJP juga ada, nggak munafik). Tapi tiap ada isu korupsi, yang kena semprot duluan tetap DJP. Seolah-olah semua dosa negara numpuknya di sana. Yang ngabisin anggaran siapa, yang dimarahin siapa. 🤣",tax consultant kasihan sama djp korup banyak justru instansi tugas spending money walaupun djp tidak_munafik tiap isu korupsi kena semprot duluan tetap djp olah dosa negara numpuknya ngabisin anggar dimarahin,positif,negatif
115,nadhirasyahrun,"Ada kalanya kerja jadi konsultan pajak sering bikin gw berpihak ke DJP di beberapa kasus. Contoh kasus: pemeriksa pajak minta penjelasan cara pembebanan biaya jasa intragrup ke WP pas audit. Disini pemeriksanya baik, komunikatif, dan sefrekuensi sama konsultan. Namun WP nya tipe yang reluctant, defensif, dan gak mau ditanya2, padahal datanya lengkap 📑 🤷🏻‍♀️.Moto hidupnya= “Pokoknya KPP harus paham dengan data yang seadanya”. Kasian tau temen2 DJP, udah target tinggi, harus paham bahasa kalbu pula 😂",kala kerja konsultan pajak sering bikin pihak djp beberapa kasus contoh kasus periksa pajak minta jelas cara beban biaya jasa intragrup wajib pajak pas audit sini periksa baik komunikatif frekuensi sama konsultan wajib pajak tipe reluctant defensif tidak_mau tanya padahal data lengkap moto hidup pokok kpp paham data ada kasi tau temen djp target tinggi paham bahasa kalbu,positif,positif
116,irwandiferry,"Gaji pegawai DJP itu gak setinggi yg kt bayangin, termasuk tinggi memang dibanding banyak instansi yang lain, tapi gak sampai buat diri lu jadi auto sultan dsb
untuk level staff, gaji mereka dibawah PNS pemda DKI, dibawah BI, dibawah OJK, dan masih kalah dengan banyak gaji staf di berbagai BUMN
Resiko yg mereka hadapi gak ringan, keselamatan terancam, beberapa meninggal dalam tugas, dianggap ancaman oleh masyarakat, belum lagi sistem mutasi seluruh indonesia",gaji pegawai djp tidak_setinggi bayangin masuk tinggi banding instansi tidak_diri auto sultan bagai level staff gaji bawah pns pemda dki bawah bawah ojk kalah gaji staf bagai bumn resiko hadap tidak_ringan selamat ancam beberapa tinggal tugas anggap ancam masyarakat belum_sistem mutasi seluruh indonesia,positif,positif
117,c_zhepank,"Minimal SMI ga butuh like,komen, share dari 50rb pegawai yang dihina-hinakan itu.",minimal smi tidak_butuh like komen share pegawai hina hina,negatif,negatif
118,rezaekaptr,"orang-orang DJP lagi pada pusing gasihh??
soalnya aku aja yang pegawai swasta & kebetulan kerjanya berhubungan sama pajak udah pusing liat berita akhir-akhir ini tentang perpajakan 🙂🙂",djp pusing gasihh soal pegawai swasta betul kerja hubung sama pajak pusing liat berita akhir akhir paja,netral,negatif
119,acinomxks,"Menurutku DJP logikanya harus dipakai deh, kemarin aku ke kantor pajak sebagai karyawan pakai surat kuasa, segala data yang sudah disiapkan, fotocopy KTP, NPWP dan segala printilan identitas direktur
Lalu sampai loket KPP terjadi percakapan
🐒 : ini semua data siapa ?
😪 : data direktur bu, sesuai dengan nama yang tercantum pada akta
🐒 : ngapain direkturnya kog gk datang kesini sendiri ?",turut djp logika pakai kemarin kantor pajak karyawan pakai surat kuasa segala data siap fotocopy ktp npwp segala printilan identitas direktur lalu loket kpp jadi cakap data data direktur sesuai nama cantum akta ngapain direktur kog tidak_datang kesini sendiri,positif,netral
120,virly.wd,"KPP sekarang lagi galak2 ya, baru aja cair atas LB SPT 2024 eh udah dapet SP2DK atas 2 tahun dan lampirannya banyak banget udah kaya lagi diperiksa 🥲🥲
Ya tuhan mana minta ekualisasi, rincian dan bukti semua ledger 😭",kpp sekarang galak baru cair atas spt dapet atas tahun lampir kaya periksa tuhan minta ekualisasi rincian bukti ledger,negatif,negatif
121,irilrahmanr,"Gue tau banyak yang gasuka pajak, personal opinion aja ini. Gue uda kerja dan bayar pajak di australia, malaysia, dan indonesia.
Coretax itu yang paling praktis wkwk",tau gasuka pajak personal opinion uda kerja bayar pajak australia malaysia indonesia coretax paling praktis wkwk,positif,negatif
122,idealisme_hati,"So in Indonesia, if you're poor, the police will make sure you pay your taxes. But if you're a billionaire, you could receive tax holidays for up to 50 years.
Welcome FASCISM!",indonesia you poor the police will make sure you pay your taxes but you billionaire you could receive tax holidays for years welcome fascism,negatif,negatif
123,genuinephoenix8420,"Dear 
@kemenkeuri
 & 
@ditjenpajakri
 , bisa kah PPn diturunkan ke 6% dan seluruh penjual makanan di jalanan, di warteg, restaurant, catering, IG diminta narik PPN? Biar adil kita usahanya. Sama2 usaha, masa aku bayar PPN, mereka ga bayar. Dan kurangi lah PPN, biar ga berat buat pelanggan.",dear ppn turun seluruh jual makan jalan warteg restaurant catering minta narik ppn adil usaha sama usaha masa bayar ppn tidak_bayar kurang ppn tidak_berat langgan,negatif,negatif
124,tebbythebunny,"Terkutuk lah kalian para pegawai pajak, semoga hidupmu tidak bahagia dunia akhirat!",kutuk kalian pegawai pajak moga hidup tidak_bahagia dunia akhirat,negatif,negatif
125,shafaarghina,DEMI ALLAH DEMI RASULULLAH GUE GAK IKHLAS PENCAIRAN JHT KENA PAJAK. JAHAT BANGET YA ALLAH. GUEEEE GAK IKHLASSSSSSSS😭😭😭😭😭😭😭😭😭😭😭😭😭😭,allah rasulullah tidak_ikhlas cair jht kena pajak jahat allah tidak_ikhlas,negatif,negatif
126,yunawatiwiady,"Hidup lagi capek2nya nyari uang, Kaget tiba2 kedatangan orang dari kantor pajak, disuruh bayar segini😭😭
10thun lebih menjual baru dapat kek gini, Tahunnya 2024 kenapa ditagihnya baru sekarang🤔😩",hidup capek nyari uang kaget tiba datang kantor pajak suruh bayar gin thun jual baru kek gin tahun tagih baru sekarang,negatif,negatif
127,akartaxservices,"DAPET SP2DK LAGI UNTUK WP ORANG PRIBADI TAHUN PAJAK 2023!!
Menurut Fiskus, terdapat indikasi Penghasilan Wajib Pajak yang belum dilaporkan berdasarkan perhitungan analisis Fiskus.
Dari lampiran perhitungan analisis fiskus, diketahui bahwa total penghasilan yang belum dilaporkan adalah 5,4 Milyar !
Case nya menarik untuk kita bahas, Jika kalian dapat perhitungan penghasilan yang belum dilaporkan menurut Fiskus, apa yang kalian lakukan?
Kalau kami, begini proses menanggapinya:",dapet wajib pajak pribadi tahun pajak fiskus dapat indikasi hasil wajib pajak belum_dilaporkan dasar hitung analisis fiskus lampir hitung analisis fiskus tahu total hasil belum_dilaporkan milyar case tarik bahas kalian hitung hasil belum_dilaporkan fiskus kalian laku begini proses tanggap,netral,netral
128,accelerationtax,"Perspektif Internal DJP: Trigger Undangan bagi Wajib Pajak Orang Pribadi
Tahun lalu, tim kami sempat berdiskusi santai dengan salah satu mantan pegawai DJP. Banyak cerita yang kami dapatkan dari perspektif internal, salah satunya adalah trigger dasar mereka untuk mengundang Wajib Pajak melalui SP2DK, Helicopter View yang menjadi dasar analisis dari suatu grup perusahaan atau perusahaan afiliasi, dan masih banyak lagi.",perspektif internal djp trigger undang wajib pajak pribadi tahun lalu tim sempat diskus santai salah satu mantan pegawai djp cerita dapat perspektif internal salah satu trigger dasar undang wajib pajak lalu helicopter view jadi dasar analisis suatu grup usaha usaha afiliasi,netral,netral
129,pajaksmart,"Gue DIPECAT IKPI gara gara urusan merekam oknum pajak di KPP, sekarang IKPI terbitkan berita sidang gue di MK yang mempersoalkan Larangan Merekam di KPP 😂🤣",pecat ikpi gara gara urus rekam oknum pajak kpp sekarang ikpi terbit berita sidang soal larang rekam kpp,negatif,negatif
130,navigatax,"Halo threads... perkenalkan saya seorang konsultan pajak, lulusan dari STAN, ex pegawai DJP selama 12 tahun, total sudah 15 tahun ngurusin pajak.
Saat ini saya membuka jasa konsultasi perpajakan, termasuk pelaporan SPT Tahunan dan juga pembuatan Laporan Keuangan. Untuk harga masih negotiable... Jika ada yang tertarik menggunakan jasa saya, bisa langsung DM aja ya...",halo threads kenal orang konsultan pajak lulus stan pegawai djp lama tahun total tahun ngurusin pajak buka jasa konsultasi paja masuk lapor spt tahun buat lapor uang harga negotiable tarik guna jasa langsung,netral,positif
131,sapto_su,"Banyak pegawai bagian pajak yang ngambek dan ngomel2 dengan keluarnya PMK 44, karena ada pasal yg menyebutkan bahwa non konsultan tapi punya brevet atau lulusan D3 pajak negeri/swasta dengan akreditasi A hanya bisa jadi Kuasa WP sampai dengan 31 Desember 2026.
Mereka merasa sia2 ambil kursus brevet atau kuliah di pajak karena hanya bisa dipakai sampai akhir tahun saja dan berikutnya perusahaan harus pakai konsultan sehingga kompetensi mereka tidak lagi bisa dipakai sebagai Kuasa Perusahaan.",pegawai bagi pajak ngambek ngomel keluar pmk pasal sebut non konsultan brevet lulus pajak negeri swasta akreditasi kuasa wajib pajak desember rasa sia ambil kursus brevet kuliah pajak pakai akhir tahun ikut usaha pakai konsultan kompetensi tidak_dipakai kuasa usaha,negatif,netral
132,juun_ajun,"Penasaran banget, itu orang2 yang kerja di PAJAK pada bisa tidur tenang ga sih?",penasaran kerja pajak tidur tenang tidak,netral,negatif
133,kensugijanto,"Pemerintah yaampun cari2 terus ya
buat dapet uang pajak..
Sampe orang pajak nya aja stress curhat ke kita dikejar deadline sehari harus ke minimal 7 tempat baru untuk cari mangsa, sedangkan uang setoran pajak nya sampe atas menguap
Iya itu mereka yang bilang..
""SAMPE ATAS NGUAP",perintah yaampun cari terus dapet uang pajak sampe pajak stress curhat kejar deadline hari minimal tempat baru cari mangsa uang setor pajak sampe atas uap bilang sampe atas nguap,negatif,negatif
134,mister_ikhsan,"BPJS-JHT Kena Pajak -
Hari ini banyak banget threads muncul bahas ini, padahal peraturan itu dah lama, bukan kebijakan baru
dan yg bikin penasaran
Kalian habis resign ? Barengan banget??
Uang JHT kalian diatas 50 juta?",bpjs jht kena pajak hari threads muncul bahas padahal atur lama bukan_kebijakan baru bikin penasaran kalian habis resign bareng uang jht kalian atas juta,netral,negatif
135,yuniverselifee,"Kenapa orang selalu mempermasalahkan PNS dibayar dari “pajak”? Kan orang kerja emng harus digaji 😭😭
Gak sekalian tuh dibilang penghasilan kang cilok dari uang kita, penghasilan pegawai indomi juga dari uang kita, semuanya deh pokoknya dari uang kita 😭",selalu masalah pns bayar pajak kerja emng gaji tidak_sekalian bilang hasil kang cilok uang hasil pegawai indomi uang semua pokok uang,positif,negatif
136,agylfirmansyah,"gaes, ada ga si oknum konsultan pajak, yg seolah"" membantu klien wajib pajak, tapi dibelakang klien juga bantu AR pajak nya untuk dapat setoran lebih banyak, main 2 kaki istilahnya 🥲",gaes tidak_oknum konsultan pajak bantu klien wajib pajak belakang klien bantu account representative pajak setor main kaki istilah,negatif,netral
137,ahmadmuhlis_,Ngeri.. skg yang ga bayar pajak bakal di datangi kerumah selain petugas pajak.. juga ada babinsa dari TNI dan Polri .. ini gmn gaes.. kok mirip Orba.. katanya klo suatu negara sudah memajaki segala macam sampai dipaksa.. pertanda negara itu dalam ancaman bangkrut alias mau kolaps..,ngeri skg tidak_bayar pajak bakal datang rumah tugas pajak babinsa tni polri gaes mirip orba kata suatu negara pajak segala macam paksa tanda negara ancam bangkrut alias mau kolaps,negatif,negatif
138,,"Kemarin diskusi sama karyawan DJP, saya bilang PPh 25 kan cicilan yg dibayar dimuka oleh WP Dan blm merupakan kewajiban yg harus dibayar ttp knp klo WP telat atau tidak bayar pada setiap bulanya dikenakan Sanksi, Dan hrsnya itu pilihan bukan jadi kewajiban krn bisa dibayar akhir Tahun saat perhitungan SPT??? Dia jawab iya pak tapi klo semua WP bayar di akhir Tahun Gajian kami para ASN setiap bulan Dari mana pak????😂😂😂digaji rakyat",kemarin diskusi sama karyawan djp bilang pph cicil bayar muka wajib pajak belum_merupakan wajib bayar ttp wajib pajak telat tidak_bayar bulanya kena sanksi hrsnya pilih bukan_kewajiban bayar akhir tahun hitung spt jawab pak wajib pajak bayar akhir tahun gaji asn bulan pak gaji rakyat,negatif,positif
139,awaluddinrizal,"Dear Dirjen Pajak :
Kita gak pernah nolak buat bayar pajak, tapi nampaknya anda ada gilanya melibatkan Babinsa TNI Polri untuk pengawasan kepatuhan pajak",dear dirjen pajak tidak_pernah nolak bayar pajak nampaknya gila libat babinsa tni polri awas patuh pajak,negatif,negatif
140,jnsjnsjnsjnsjnss,"Lulus STAN Tahun 2018, penempatan Kemenkeu, penempatan homebase dari 2019-sekarang, seru-seru aja. Bangun pagi bisa santai sempat olahraga, masuk-pulang tenggo, bisa sambil kuliah, no complaints sih sampai detik ini. Makasih STAN 🫶",lulus stan tahun tempat kemenkeu tempat homebase sekarang seru seru bangun pagi santai sempat olahraga masuk pulang tenggo kuliah complaints detik makasih stan,positif,positif
141,sapto_su,"Alumni STAN yang resign dari DJP itu banyak sekali. Jadi, resign dari DJP sebenarnya sudah menjadi hal yang sangat wajar, bukan sesuatu yang aneh lagi.
Dari lingkungan saya saja sudah ada cukup banyak contohnya.
Proses resign saya sendiri diperlancar karena ada rekomendasi dari teman sesama eks DJP yang kini menjadi Konsultan Pajak. Kebetulan salah satu kliennya sedang membutuhkan Tax Manager. Akhirnya saya resign dan bergabung sebagai Tax Manager di perusahaan tersebut.",alumni stan resign djp sekali resign djp benar jadi wajar bukan_aneh lingkung cukup contoh proses resign sendiri lancar rekomendasi teman sama eks djp kini jadi konsultan pajak betul salah satu klien sedang butuh tax manager akhir resign gabung tax manager usaha,netral,netral
142,annasiska_rgg,"Hari ini kantor disamperin tim Kepatuhan DJP. Bukan mau meriksa, tapi mau memastikan kalau proses pencairan Lebih Bayar (Restitusi) atas pemeriksaan 2024 kemarin berjalan 100% bersih tanpa ada oknum yang minta uang/pungli.
Senang banget melihat langsung reformasi integritas DJP di lapangan. Bisnis tenang kalau ekosistemnya bersih. Kudos, DJP! 👏💼 #BanggaBayarPajak #Integritas",hari kantor disamperin tim patuh djp bukan_mau meriksa mau pasti proses cair bayar restitusi atas pemeriksaan kemarin jalan bersih tanpa_oknum minta uang pungli senang lihat langsung reformasi integritas djp lapang bisnis tenang ekosistem bersih dos djp banggabayarpajak integritas,positif,negatif
143,yeshafdrna,"Punya sepupu ASN di Kementerian eselon yang katanya THP paling tinggi se Indonesia. Usia 34thn udah Kepala Seksi, sering dapat penghargaan (gak pernah di post di sosmed taunya dari tante yg post di group wa keluarga 🤭), istrinya dokter spesialis minor, praktek 3 hari aja/minggu sisanya ngurus anak2. Mobil sepupuku keluaran thn 90an beli bekas, kacanya masih diputar. Mobil istrinya city car beli bekas juga. Istrinya gak pernah pake tas branded pakenya tas UMKM.",sepupu asn menteri eselon kata thp paling tinggi indonesia usia tahun kepala seksi sering harga tidak_pernah post sosmed tau tante post group keluarga istri dokter spesialis minor praktek hari minggu sisa ngurus anak mobil sepupu keluar tahun beli bekas kaca putar mobil istri city car beli bekas istri tidak_pernah pake tas branded pakenya tas umkm,positif,positif
144,priyantarno,"Kemenkeu memulai hal yg baru, melarang ex DJP menjadi kuasa wajib pajak 5 tahun setelah berhenti
Nah bagus nih dicontoh sama negara, presiden dan wakil presiden yg menjabat dua priode ketika berhenti, maka selama 5 tahun setelah berhenti dia dan keluarganya TDK boleh aktif dalam politik, alasannya yg kayak DJP , bahaya bisa mempengaruhi kebijakan
Tp pasti akan ditolak Krn semua orang sama di mata hukum dan memiliki hak yg sama
Wkwkwk",kemenkeu mulai baru larang djp jadi kuasa wajib pajak tahun henti nah bagus contoh sama negara presiden wakil presiden jabat priode henti lama tahun henti keluarga tidak_aktif politik alas kayak djp bahaya pengaruh bijak tolak sama mata hukum milik hak sama wkwkwk,positif,negatif
145,ikidatsu,"nyesek banget mau berangkat kantor. males ketemu si cewe toxic mental pembully itu. mana gue cengeng lagi anaknya. btw si cewe ini kelahiran 2000, ga ada adabnya sama yg baru kenal. tai lah djp ini, kebanyakan isinya orang yg sifatnya toxic. kebanyakan isinya pasien spkj. stress semua stress",nyesek mau berangkat kantor males ketemu cewe toxic mental pembully cengeng anak btw cewe lahir tidak_adabnya sama baru kenal tai djp banyak isi sifat toxic banyak isi pasien spkj stress stress,negatif,negatif
146,brotov,"Infonya gara2 pernah mengancam akan membubarkan institusi dibawah lingkungan Kemenkeu, beliau diberi panggilan baru PURBACOT! oleh pegawai di institusi tersebut
BENARKAH?😲
*Onokonokbae
😁😁",info gara pernah ancam bubar institusi bawah lingkung kemenkeu beliau beri panggil baru purbacot pegawai institusi benar onokonokbae,negatif,netral
147,jshdnl,"Program lucu djp
Survey Kepatuhan Wajib Pajak
Like, bukankah penggunaan pajaknya lbh urgent utk disurvey kepatuhannya?",program lucu djp survey patuh wajib pajak like bukankah guna pajak lbh urgent disurvey patuh,negatif,netral
148,sucianamarida,"Tax officer to tax officer,
Semuak apa kalian sama yg namanya PMK, SP2DK, dan PEMERIKSAAN ????
Aku selalu ""PENGEN RESIGN"" sampe nangis nangis ovt tapi besoknya masih di kerjain 😭 besoknya masih pergi ngantor 😭",tax officer tax officer muak kalian sama nama pmk pemeriksaan selalu ken resign sampe nang nang ovt besok kerjain besok pergi ngantor,negatif,negatif
149,insaniinsani,"Subuh ini, tiba-tiba klien putus kontrak by WA, ga akan lanjut kerjasama. Dari 2 minggu lalu pun udah ada gelagat begitu, awalnya SP2DKnya aku yg kerjain, tiba-tiba telepon, cerita kalau ada kenalannya dia kenal orang ex pegawai DJP, kemudian bisa bantu urus SP2DK dengan dalih ""kenal ARnya, dulu teman sekantor, jadi beliau yg mau bantu""
Oke. Tentu dong Aku mah gpp, karna resiko klien ini gede bgt, ga punya data sama sekali kecuali rekening koran, Alhamdulillah gajadi pusing kan.",subuh tiba tiba klien putus kontrak tidak_lanjut kerjasama minggu lalu gelagat awal dknya kerjain tiba tiba telepon cerita kenal kenal pegawai djp kemudian bantu urus dalih kenal arnya dulu teman kantor beliau mau bantu mah gpp resiko klien besar tidak_data sama sekali rekening koran alhamdulillah gajadi pusing,negatif,negatif
150,ifan.ra,"Ada temen yang kena SP2DK dari DJP. Yang bikin kaget bukan soal berapa yang harus dijelasin, tapi caranya DJP tau: bukan dari SPT, bukan dari laporan bank. Dari Instagram dia jualan.",temen kena djp bikin kaget bukan_soal berapa dijelasin cara djp tau bukan_spt bukan_laporan bank instagram jual,netral,negatif
151,pembela_kebenaran_7,"Pengusulan peserta Komcad ASN di Direktorat Jenderal Pajak berpotensi tidak sesuai dengan UU 23 2019:
1. Sebagaimana diatur dalam pasal 28 ayat (2) berbunyi “ Komponen Cadangan sebagaimana dimaksud pada ayat (1) huruf a merupakan pengabdian dalam usaha pertahanan negara yang bersifat sukarela.”
2. Peserta tidak diambil dari penawaran terbuka, melainkan USULAN dari Kantor yang banyak diantaranya tidak dilakukan konfirmasi kepada pegawai yang diusulkan.",usul serta komcad asn direktorat jenderal pajak potensi tidak_sesuai bagaimana atur pasal ayat bunyi komponen cadang bagaimana maksud ayat huruf rupa abdi usaha tahan negara sifat sukarela serta tidak_diambil tawar buka usul kantor antara tidak_dilakukan konfirmasi pegawai usul,negatif,negatif
152,prslksn66_,"Halo threads,
Pertemukan saya dengan Penyidik Tindak Pidana Perpajakan.
Ingin berdiskusi sebuah kasus. 😄",halo threads temu sidik tindak pidana paja diskus buah kasus,netral,netral
153,beka.moya,"Dari ex-DJP untuk Wajib Pajak:
Laporlah sebelum data yang melapor👀",djp wajib pajak lapor data lapor,netral,positif
154,navigatax,"Pembahasan SP2DK di KPP bareng AR... 30% bahas materi SP2DK, 70% sharing cerita2 tentang resign dari DJP...😅",bahas kpp bareng account representative bahas materi sharing cerita resign djp,negatif,netral
155,nilacorneliana,"TNI dilibatkan utk pengawasan dalam hal Pajak.
Ini udh diluar tupoksi nya aparat.
The real semua dimiliterisasi, mana 2029 masih lama lagi 🥹.",tni libat awas pajak luar tupoksi aparat the real militer lama,negatif,negatif
156,diditkhan,"Halo 
@ditjenpajakri
 datanya bocorkah ?
🥲",halo data bocor,negatif,netral
157,davin.arkn,"ada yang pernah dapet surat cinta dari dirjen pajak perkara lebih bayar Rp 2,500? ini beneran didatengin gak sih ke rumah 😂",pernah dapet surat cinta dirjen pajak perkara bayar beneran didatengin tidak_rumah,negatif,negatif
158,ayndines,"baru tau pegawi djp pada kena target, pusing juga yaaak (?)
niiii koruptor2 asu smg sengsara dunia akhirat",baru tau pegawi djp kena target pusing yak koruptor asu smg sengsara dunia akhirat,negatif,negatif
159,sakti_alfattaah,"Nightmare banget sih, jam 3.34 dapet email dari DJP katanya saya disuruh ngelunasin utang pajak. Perasaan gak punya utang pajak apapun sama negara. 😌",nightmare jam dapet email djp kata suruh ngelunasin utang pajak asa tidak_utang pajak apa sama negara,negatif,negatif
160,myyournamecl,"Lagi kepikiran..
Knp ya pajak kita tuh punya wewenang pemeriksaan sampai bbrp thun kebelakang..
Kan kta udh disuruh hitung sendiri, bayar jugaa, udh lapor di thn yg sama. Eh tiba2 3 thn kedepan, orang pajak berhak memeriksa dan kenain denda lagi kalau laporan kita salah..
Jadi mrka mengakui kalau mrka ga kompeten utk mengecek semua laporan pajak di tahun yg sama dan kita yg harus nanggung bebannya? 🥲",pikir pajak wewenang pemeriksaan bbrp thun belakang kta suruh hitung sendiri bayar jugaa lapor tahun sama tiba tahun depan pajak hak periksa kenain denda lapor salah mrka aku mrka tidak_kompeten ecek lapor pajak tahun sama nanggung beban,negatif,positif
161,yanglagiheboh,"🔥 DJP sekarang bisa web scraping, remote sensing, sampai pantau media sosial lo. Plus gandeng Babinsa buat sisir wilayah. Era baru pengawasan pajak: lo diem di rumah pun tetap kecium",djp sekarang web scraping remote sensing pantau media sosial plus gandeng babinsa sisir wilayah era baru awas pajak diem rumah tetap cium,positif,negatif
162,revheadid,"PEMUTIHAN PAJAK KENDARAAN AGUSTUS 2026 🏍️⛽
Bro, cek STNK lo sekarang juga. Ada 13 provinsi yang lagi ngadain pemutihan pajak kendaraan bulan ini — alias lo bisa bayar pajak tanpa denda, bahkan ada yang diskon pokok pajaknya!
Ini bukan drill. Beberapa cuma berlaku sampai 31 Agustus. Sayang banget kalo kelewat.",mutih pajak kendara agustus bro cek stnk sekarang provinsi ngadain mutih pajak kendara bulan alias bayar pajak tanpa_denda bahkan diskon pokok pajak bukan_drill beberapa cuma laku agustus sayang lewat,positif,negatif
163,he.lmi2631,Yang paling aman itu justru yang tidak punya NPWP.. Mereka tidak membayar pajak sama sekali dan tidak dipusingkan oleh pajak padahal tetangga ku online Shopee perbulan milyaran omset nya tetapi tidak mau tau dan tidak mau bayar pajak sama sekali sampai skrng aman aman saja,paling aman justru tidak_npwp tidak_membayar pajak sama sekali tidak_dipusingkan pajak padahal tetangga online shopee bulan milyaran omset tidak_mau tau tidak_mau bayar pajak sama sekali sekarang aman aman,negatif,negatif
164,pajaksmart,DJP B4J1NG4N T0L0L😂🤣😭😱,djp,negatif,netral
165,by_marhentin.ika,"Buat pegawai DJP, mutasi nasional itu adalah keniscayaan, suka ngga suka, mau ngga mau, siap ngga siap. Diterima, laksanakan, jalani. Apalagi kalo suami istri sama2 dinas di DJP.
Ada yg baru nikah sebulan, eh bulan berikutnya sdh LDMan. Ada yg pindah ke kota dinasnya suami, eh malah suaminya mutasi beda pulau. Ada juga yg baru lahiran, lha bapaknya si bayi mutasi dari zona WIB ke zona WIT.
Itu cerita sedihnya yg terkadang bikin hadeh hadeh plus menguras kantong",pegawai djp mutasi nasional niscaya suka tidak_suka mau tidak_mau siap tidak_siap terima laksana jalan suami istri sama dinas djp baru nikah bulan bulan ikut ldman pindah kota dinas suami malah suami mutasi beda pulau baru lahir lha bapak bayi mutasi zona wib zona wit cerita sedih terkadang bikin hadeh hadeh plus uras kantong,negatif,netral
166,mohilmiii,"Hidup adalah pilihan,
Jadi pns djp, adalah pilihan
Jadi ar tapi keluar hombes ? Bukan pilihan si, itu takdir wkwk
Kosan sebulan 3 jt tapi nyaman, cuman jarang balik rumah ? Pilihan
Kosan murah tapi sering balik rumah ? Juga pilihan,
Ya semua tentang pilihan, tapi ada takdirnya juga, jadi.
Ga ada sih, cuman nulis aja 🥲",hidup pilih pns djp pilih account representative keluar hombes bukan_pilihan takdir wkwk kosan bulan nyaman cuman jarang balik rumah pilih kosan murah sering balik rumah pilih pilih takdir tidak_cuman nulis,netral,negatif
167,kembang_kemboja_92,"Warga, negara kita ini udah mau bangkrut ya? Gue nanya aja serius. Karena perusahaan kecil tempat temen gue kerja, salah satu rekening banknya diblokir atas permintaan kantor pajak gara gara nunggak panjak 4 juta doang. Beneran 4 jt doang. Bukan 40 atau 400 jt. Padahal 4 jt palingan sekali makannya Rafi Ahmat yak. Udah sekere itu ya Indonesia? Sampe recehan aja diuber kaya ngejar duit miliaran",warga negara mau bangkrut nanya serius usaha kecil tempat temen kerja salah satu rekening bank blokir atas minta kantor pajak gara gara nunggak panjak juta doang beneran doang bukan_padahal paling sekali makan rafi ahmat yak kere indonesia sampe receh uber kaya ngejar uang miliar,negatif,negatif
168,mariasriningsihbm_,"Aku nggak minta pajakku dikurangin.
Aku cuma pengen ada di aplikasi PAJAK :
Selamat! Pajak Anda bulan ini berhasil digunakan untuk :
2 paving block jalan Kalimantan Timur
1/3 kursi sekolah di Papua Barat
5 meter marka jalan Samarinda
7 lembar kertas di kantor kecamatan Marga Sari Balikpapan
Terima kasih sudah berkontribusi untuk Indonesia 🎉😘 (jgn lupa emot cium, biar aku senang sebagai WNI)
Jadi tiap lihat fasilitas umum aku bisa bilang :
""wih Itu marka ada sahamku""
shibal, GITU AJA GA BISA",tidak_minta pajak rangin cuma ken aplikasi pajak selamat pajak bulan hasil guna paving block jalan kalimantan timur kursi sekolah papua barat meter marka jalan samarinda lembar kertas kantor camat marga sari balikpapan terima kasih kontribusi indonesia jangan_lupa emot cium senang wni tiap lihat fasilitas umum bilang wih marka saham shibal tidak,negatif,positif
169,awiejeep,"Pelaku UMKM dengan omzet 6 jt per bulan akan di kenakan pajak 🤣🤣🤣🤣
Pejabat dgn omzet ratusan juta pajaknya minta di bayarin negara 🤣🤣
Konoha begitu kaya yaaa 🤣🤣🤣🤣🤣",laku umkm omzet bulan kena pajak jabat omzet ratus juta pajak minta bayarin negara konoha kaya,negatif,negatif
170,anglalami_,"Buka tempat makan 2,5 bulan didatengin tukang pajak sekali, trus ditelponin, trus dikirk surat suruh bayar Ppn 10%, lha aku ini UMKM baru buka, sepajang jalan ruko yang aku sewa tahunan orang2 usaha cuma aku yang dapet surat dr UPT pajak? WHY??????? Aku pengen misoh, aku di PHK, buka usaha gk ada yang minjemin modal, baru jualan suruh bayar pajak, ki konsep urep macam apaaaa",buka tempat makan bulan didatengin tukang pajak sekali terus ditelponin terus dikirk surat suruh bayar ppn lha umkm baru buka pajang jalan ruko sewa tahun usaha cuma dapet surat upt pajak why ken misoh phk buka usaha tidak_minjemin modal baru jual suruh bayar pajak konsep urep macam,negatif,negatif
171,inainsyirah26,"In this economy, aku pelaku umkm, bisnis warkop kecil²an. Hari inu di datangi org pajak daerah, minta di bayarin pajak 😭😭. Mereka minta perbulan dg nominal y menurut kami besar.
Sedangkan perbulan aja pendapatan bersih gak sampai 1 jt
Terasa sampai keubun² sedih dan sesak, aceh lon sayang , indonesia tercinta 🥺",this economy laku umkm bisnis warkop kecil hari inu datang pajak daerah minta bayarin pajak minta bulan nominal besar bulan dapat bersih tidak_terasa keubun sedih sesak aceh lon sayang indonesia cinta,negatif,negatif
172,cek_lok4,"Mana ini Purbacot??? Yang katanya bc dan pajak ga tersentuh soal korupsi? Ehh, Aparat sebelah baru aja kebongkar boroknya dan lagi mati2an dibela loreng. Bahkan berusaha utk tidak tersentuh
Lu ngomongin bc pajak atau instansi sebelah purbacot??? Harus bubarin juga ga sih instansi sebelah itu kalau ikut statement lu sebelumnya??🤪🤪🤪
Mana ini masyarakat indo? Dah tersadarkan belum bahwa instansi sebelah yg tak tersentuh sama sekali🤪🤪🤪
Baru satu aja yg ketahuan, nilainya fantastis bener😍😍",purbacot kata pajak tidak_tersentuh soal korupsi ehh aparat belah baru bongkar borok mati bela loreng bahkan usaha tidak_tersentuh ngomongin pajak instansi belah purbacot bubarin tidak_instansi belah ikut statement belum masyarakat indo sadar belum_instansi belah tak sentuh sama sekali baru satu tahu nilai fantastis benar,negatif,negatif
173,cek_lok4,"Wedeww,baru 1 oknum aja udah rame bener
Bisa kali yee diaudit jaksa seluruh indo? Ehh lupa, ntar dipersulit kalau mau P21, Ehh lupa, ga ada yg berani yee
Eh lupa, malah ntar dituntut balek
Ehh baru ingat,inikan bukan bc dan pajak,ga seru bih beritanya 🤪🤪💩💩",wedeww baru oknum rame benar kali yee audit jaksa seluruh indo ehh lupa ntar sulit mau ehh lupa tidak_berani yee lupa malah ntar tuntut balek ehh baru ingat ini bukan_pajak tidak_seru bih berita,negatif,negatif
174,oetan.kayoe,"Mobil Tua, Ginjal Soak, Tapi Semangatnya Tak Pernah Usang.
Dua tahun lagi, suamiku akan pensiun sebagai ASN di Direktorat Jenderal Pajak.
Lembaga tempat ia mengabdi lebih dari separuh hidupnya.
Bagiku… ia adalah sosok yang luar biasa,
bukan karena jabatan,
tapi karena ia tetap menjalani semuanya meski tubuhnya perlahan melemah.
Menjadi istri pegawai pajak…
bukan hal yang selalu mudah.
Ada tatapan sinis. Ada komentar miring.
“Wah, pasti hidup mewah ya.”
Padahal...mereka tak pernah tahu.👇👇",mobil tua ginjal soak semangat tak pernah usang tahun suami pensiun asn direktorat jenderal pajak lembaga tempat abdi paruh hidup bagi sosok luar biasa bukan_jabatan tetap jalan semua meski tubuh perlahan lemah jadi istri pegawai pajak bukan_selalu mudah tatap sinis komentar miring wah hidup mewah padahal tak pernah tahu,netral,positif
175,martinsimb,"masih sering bingung kok bisa ya fungsional aja 1 kali luar pulau 2x homebase/dekat homebase. kita setara pelaksana, kerja hampir 11 tahun udah 2x luar pulau (pernah papua juga) cuman 4 tahun dekat homebase (beda provinsi lagi). sabar2 pegawai djp 😇",sering bingung fungsional kali luar pulau homebase dekat homebase tara laksana kerja hampir tahun luar pulau pernah papua cuman tahun dekat homebase beda provinsi sabar pegawai djp,negatif,netral
176,resa.r_r,"kasian juga jadi pegawai djp.
udah sosialisasi sana sini, teknis udah dipikirin scr matang, banyak pertanyaan dari wp dijawab dengan sabar, dan jadi tameng
agustus baru jalan 6 hari, peraturan mya ditunda sampe November 😂😂",kasi pegawai djp sosialisasi teknis dipikirin scr matang tanya wajib pajak jawab sabar tameng agustus baru jalan hari atur mya tunda sampe november,netral,netral
177,anita.elmona,"Apa profesi yang paling tidak kamu rekomendasikan untuk anakmu ketika sudah besar nanti?
Me:
1. Polisi/TNI
2. Pengacara, Hakim & Sejenisnya
3. Pegawai Pajak / Bank
Yang paling direkomendasikan
1. Engineer
2. Pedagang
3. Petani",profesi paling tidak_rekomendasikan anak besar polisi tni acara hakim jenis pegawai pajak bank paling rekomendasi engineer dagang tani,negatif,negatif
178,by_marhentin.ika,"Buat pegawai DJP, mutasi nasional itu adalah keniscayaan, suka ngga suka, mau ngga mau, siap ngga siap. Diterima, laksanakan, jalani. Apalagi kalo suami istri sama2 dinas di DJP.
Ada yg baru nikah sebulan, eh bulan berikutnya sdh LDMan. Ada yg pindah ke kota dinasnya suami, eh malah suaminya mutasi beda pulau. Ada juga yg baru lahiran, lha bapaknya si bayi mutasi dari zona WIB ke zona WIT.
Itu cerita sedihnya yg terkadang bikin hadeh hadeh plus menguras kantong.",pegawai djp mutasi nasional niscaya suka tidak_suka mau tidak_mau siap tidak_siap terima laksana jalan suami istri sama dinas djp baru nikah bulan bulan ikut ldman pindah kota dinas suami malah suami mutasi beda pulau baru lahir lha bapak bayi mutasi zona wib zona wit cerita sedih terkadang bikin hadeh hadeh plus uras kantong,netral,negatif
179,hope_toshine,"Gue drop banget krn hari ini diputuskan kena HUKDIS karena menolak untuk ikut Komcad ASN. Gue cewe, tentunya gue punya alasan yang logic knp sampe berat hati memilih untuk dapat konsekuensi drpd ikut komcad, tp gue ga bs share disini, takut ketauan bahwa ini gue. Rasanya hari ini sedih, hilang semangat, dan merasa mengecewakan ortu yg happy gue jadi PNS. Apakah ada yg senasib? Boleh donk ikut sharing disini buat kuatin gue.. btw gue ga butuh tau kalian siapa atau dr instansi mana..",drop hari putus kena hukdis tolak ikut komcad asn cewe tentu alas logic sampe berat hati pilih konsekuensi drpd ikut komcad tidak_share sini takut tau rasa hari sedih hilang semangat rasa kecewa ortu happy pns nasib donk ikut sharing sini kuatin btw tidak_butuh tau kalian instansi,netral,negatif
180,pajaksmart,"DJP TUTUP MULUT AJA DECH daripada Blunder Muluu 😨
Udah betul Purbaya suruh DJP HENTIKAN PENGUMUMAN BLUNDER !! Pada TOLOLL siih isinya😩
Penyuluh Kantor Pusat DJP ajah ASAL BACOT GAK PAKAI DASAR HUKUM, gimana Rakyat di lapangan ??😭😱",djp tutup mulut dech blunder muluu betul purbaya suruh djp henti umum blunder tololl siih isi suluh kantor pusat djp ajah asal bacot tidak_pakai dasar hukum rakyat lapang,negatif,negatif
181,diog.enessinope,"Purbaya Soroti Kesenjangan Gaji di Kemenkeu, Canda Potong Gaji Pegawai Pajak share.google/wKjBs…
Potong saja pak, udah overpaid dari tahun 2015, bayangkan aja AR yg lulusan SMA di DJP pada tahun 2015 Tukinnya minimal sudah 12.5 juta, belum gaji bonus dll. Lebih baik potong, dan berikan ke Dirjen lain, gantian angka tukinnya.",purbaya sorot senjang gaji kemenkeu canda potong gaji pegawai pajak share google wkjbs potong pak overpaid tahun bayang account representative lulus sma djp tahun tukinnya minimal juta belum_gaji bonus baik potong ikan dirjen ganti angka tukinnya,negatif,negatif
182,insanginanjar,"Mau lapor SPT lewat Coretax, tiba tiba kaget aja kok dibilang ada penghasilan dari BCA dan Shopee, klo sistem lapor lama ga pernah ky gini, ternyata dengan coretax ini kalau Lo jajan kopi trus dapat diskon cashback itu ada pajaknya..dan terbit bupot nya.., ternyata berbuntut panjang SPT jadi kurang bayar..ada yg pernah ky gini juga ga? Kira-kira setelah ini masih mau dapet diskon promo cashback dll ??",mau lapor spt lewat coretax tiba tiba kaget bilang hasil bca shopee sistem lapor lama tidak_pernah gin nyata coretax jajan kopi terus diskon cashback pajak terbit bupot nyata buntut panjang spt kurang_bayar pernah gin tidak_kira kira mau dapet diskon promo cashback,netral,positif
183,alex.mercerdes,"Restitusi pajak ditolak semua dengan alasan uang nya lari ke mbg.
Selama 10 tahun mengikuti djp, baru pertama kali kantor pajak kehabisan duit seperti ini.",restitusi pajak tolak alas uang lari mbg lama tahun ikut djp baru pertama kali kantor pajak habis uang,positif,negatif
184,timtimnugroho,"ada anomali komen ""emang lu udah berbuat apa buat negara?"" Mau ngiklan blom tentu profit aja udah kena pajak duluan.",anomali komen buat negara mau ngiklan belum_profit kena pajak duluan,negatif,negatif
185,sipasultac,sekarang smua bisa dilihat sejak ada coretax,sekarang smua lihat sejak coretax,positif,positif
186,silverkey.realty,"Dari Kasus Tom Lembong ...bagaimana bisa PPN yang di setor ke negara di anggap kerugian Negara ???...bagaimana bisa di percaya negara ini sama rakyat nya klau begini caranya ???
#fypシ
#kasustomlembong
#tomlembong
#keadilanuntuktomlembong",kasus tom lembong ppn setor negara anggap rugi negara percaya negara sama rakyat klau begini cara fyp kasustomlembong tomlembong keadilanuntuktomlembong,negatif,negatif
187,irilrahmanr,"Guys fyi ya biar ga keliru, ASN BAYAR PAJAK YA. Semua penduduk indonesia bayar pajak, thanks.",guys fyi tidak_keliru asn bayar pajak duduk indonesia bayar pajak thanks,positif,negatif
188,baard.ads,"ada orang DJP atau orang pajak ga disini? saya uda nanya 20 orang, semuanya beda2 jawabnya😪😫
mengenai suket pp 55.
kalau ga dapet suket ini, tapi omset dibawah 500 juta, emang jadi ga bisa hapus pajak?
status pegawai swasta dengan usaha sampingan.
kebetulan tahun2 sebelumnya omset diatas 500jt, tapi turun terus sampe titik terendah th ini.
ada yg bilang, DJP taunya omset itu WAJIB naik terus. 😅",djp pajak tidak_disini uda nanya semua beda jawab kena suket tidak_dapet suket omset bawah juta tidak_hapus pajak status pegawai swasta usaha samping betul tahun belum omset atas turun terus sampe titik rendah tahun bilang djp tau omset wajib naik terus,netral,negatif
189,aziziahzz,"Haloo, saya mau nanya apakah teman-teman disini punya pengalaman seperti ini.
Saya dapat email dari DJP (Direktorat Jendral Pajak) berserta pdf yang berisi data2 saya. Trus saya klik link WA yg di email untuk konfirmasi, lalu nomor WA tersebut lgsg nelpon saya katanya mau dibantuin konfirmasi cortex dan akan dikirimkan kartu NPWP versi terbaru.
Apakah ini penipuan? Terima kasih",haloo mau nanya teman teman sini alam email djp direktorat jendral pajak serta pdf isi data terus klik link email konfirmasi lalu nomor lgsg nelpon kata mau dibantuin konfirmasi cortex kirim kartu npwp versi baru tipu terima kasih,netral,netral
190,dossantosjulieta,"Tiba2 di email DJP punya utang ke negara 100.000 , tp tahun pajak 2022. Yg tahu perpajakan mgkn bs dibantu pencerahannya kakak2, ini utang apaa ? Dan kenapa baru di tagih",tiba email djp utang negara tahun pajak tahu paja mgkn bantu cerah kakak utang apaa baru tagih,netral,negatif
191,bumigumigu,"WNI ✅
ASN ✅
Kemenkeu ✅
DJP / BC ✅
insyaAllah banyak pahala jalur difitnah",wni asn kemenkeu djp insyaallah pahala jalur fitnah,positif,negatif
192,c_zhepank,"Buat yang mau jadi CPNS DJP. Penerimaan Sarjana itu masuk golongan IIIa. Gaji bisa diliat di PP 5 tahun 2024. MKG (Masa Kerja) 0 2.785.700. Tunjangan Pelaksana langsung grade 8 Rp.8.457.500. Kalo suda nikah tunjangan suami 10% dari gaji. Kalo Diploma III, masuk golongan IIc - Pelaksana grade 6 Rp.7.673.375. Siap ditempatkan seluruh Indonesia. Cek tiket pesawat cukup ga. Jangan sampe ngerasa ketipu dan milih resign.",mau cpns djp terima sarjana masuk golong gaji liat tahun mkg masa kerja tunjangan laksana langsung grade suda nikah tunjangan suami gaji diploma masuk golong iic laksana grade siap tempat seluruh indonesia cek tiket pesawat cukup tidak_jangan sampe ngerasa tipu milih resign,positif,positif
193,budakorporat_id,"Baru aja DJP ngumumin aturan baru: mereka bakal awasi pajak lo pake web scraping, remote sensing, sampe baca karya ilmiah.
Bayangin, skripsi lo tahun 2015 bisa jadi bukti lo ngemplang pajak.",baru djp ngumumin atur baru bakal awas pajak pake web scraping remote sensing sampe baca karya ilmiah bayangin skripsi tahun bukti ngemplang pajak,negatif,negatif
194,defauza_,"tp aku bingung bgt kak, terutapa dehepe kek susah bgt ngangkut suami istri dlm 1 sk. suamiku ditjen biru tua sblh, bisa gituh suami istri 1 sk. yg 1 instansi aja susah apalah lg beda instansi. 1.kemenkuy katanya tp sulit bgt bs gt beda sm ditjen lain. sampai skrg kubingung silapnya dimana.",bingung kak terutapa dehepe kek susah ngangkut suami istri suami ditjen biru tua sblh gituh suami istri instansi susah apa beda instansi kemenkuy kata sulit beda sama ditjen sekarang bingung silap,negatif,negatif
195,haloelangpg,"Emang sedihnya tu di Indonesia banyak pedagang lokal yang bisa dapetin duit gede hasil keringat sendiri tapi mereka emang gak paham soal pajak.
Alhasil, orang pajak datang di saat mereka duitnya udah gede.
Harusnya, orang pajak itu lebih gencar sosialisasi soal pajak, biar gak sering mencekik pedagang dengan cara begini lagi.
Dan yang paling penting gunakan uang pajak dengan jujur, jadi pedagang itu rela buat bayar pajak.",sedih indonesia dagang lokal dapetin uang besar hasil keringat sendiri tidak_paham soal pajak alhasil pajak datang uang besar pajak gencar sosialisasi soal pajak tidak_sering cekik dagang cara begini paling penting guna uang pajak jujur dagang rela bayar pajak,negatif,negatif
196,aibikh,"Klo perusahaan grup besar tau cara melawan dejepe. Ajukan keberatan, banding dan PK ke pengadilan pajak. Cek aja putusan pengadilan pajak. Banyak kasus macem2.
Justru yang kayak gini malah yang kecil dan menengah. Tidak tau jalur yang tepat. Ujung2nya sita.",usaha grup besar tau cara lawan dejepe aju berat banding adil pajak cek putus adil pajak kasus macem justru kayak gin malah kecil tengah tidak_tau jalur tepat ujung sita,negatif,negatif
197,shintawkk95,"Barusan ada calon klien. Usahanya toko bangunan. NPWP orang pribadi, belum PKP. Orangnya lumayan terkenal, rumah gede, mobil mewah.
Ngobrol-ngobrol, dia cerita baru dapat SP2DK dari kantor pajak.
Isinya? Disuruh jelasin pembelian puluhan miliar yang pakai KTP istri sama anak. Kejadiannya sekitar 3 tahun yang lalu.
Mampus 1. 😅",barusan calon klien usaha toko bangun npwp pribadi belum_pkp orang lumayan kenal rumah besar mobil mewah ngobrol ngobrol cerita baru kantor pajak isi suruh jelasin beli puluh miliar pakai ktp istri sama anak jadi tahun lalu mampus,netral,negatif
198,ginanjar_eka_putra,"Seharusnya pada kompak aja gak bayar pajak sebagai bentuk ketidakpercayaan kepada pemerintah dan ""wakil"" rakyat, kenapa? Karena banyak kasus korupsi, gaji+tunjangan ""wakil"" rakyat sampai 38x lipat rata2 UMR masyarakat, rendahnya kinerja mereka, ditambah lagi rasa empati mereka yang rendah.",kompak tidak_bayar pajak bentuk ketidakpercayaan perintah wakil rakyat kasus korupsi gaji tunjangan wakil rakyat lipat rata umr masyarakat rendah kinerja tambah rasa empati rendah,negatif,negatif
199,wawanagung,"Bagi orang diluar dejepe anggapannya dah paling mampu dan sultan. Krn y itu mau kyk apapun jelasin itu mindsetnya. Selalu ingat perkataan Ali ra, cukup kita dan keluarga saja yg tau yg laen g penting",luar dejepe anggap paling mampu sultan mau kyk apa jelasin mindsetnya selalu ingat kata ali cukup keluarga tau laen penting,positif,negatif
200,gemintangkidung,"kerjaan gue gada jatidiri.
tp kehidupan gue kegencet pajak mulu.
cita²nya anak gue bakal dinamakan : dejepe core tax holiday.
😭😭😭",kerja gada jatidiri hidup gencet pajak mulu cita anak bakal nama dejepe core tax holiday,negatif,negatif
201,dimitri.josephine,"Sampe sekarang belum dan gak mau daftarin pajak ke Coretax atau apapun itu. Karena selain gak ngerti, males juga 🫠 Ada yang bisa jelasin akibatnya kalau gak lapor pajak ?",sampe sekarang belum_tidak mau daftarin pajak coretax apa tidak_ngerti males jelasin akibat tidak_lapor pajak,negatif,negatif
202,arya.pradana,"Saran saya lebih baik ga usah aktivasi coretax. Uang pajaknya juga dipake ngegaji wapres, lalu untuk mbg yg dikorup berjamaah.",saran baik tidak_usah aktivasi coretax uang pajak dipake ngegaji wapres lalu mbg korup jamaah,negatif,negatif
203,mikyalaaaaa,"Mikir nggak yaa kayak gini tuh malah bisa nambah coat usaha. Ekonomi lagi lesu, apa-apa dipajakin tuh kek mana sih cara mikirnya. Pantesan investor pada kabur, makin nggak jelas iklim usaha di sini tuh.",mikir tidak_kayak gin malah nambah coat usaha ekonomi lesu dipajakin kek cara mikirnya pantesan investor kabur makin tidak_jelas iklim usaha,negatif,negatif
204,by.flowie,"Duit pajak mu dibuat gaji loreng ijo Pak hezel, karna baru aja naik tunjangan mereka",uang pajak buat gaji loreng ijo pak hezel baru naik tunjangan,negatif,negatif
205,partekere,"Jika kalian punya teman atau kerabat yg kerja di kantor pajak, coba tanya apa benar kantor pajak dikasih target setor 300 juta per bulan untuk program Prabowo.",kalian teman kerabat kerja kantor pajak coba tanya benar kantor pajak kasih target setor juta bulan program prabowo,netral,negatif
206,budinyemelo,"Kalo sistem negara ini bener, gak perlu pajak. Negara kaya kok. Ada kan negara makmur tanpa pajak? Ada gak? Kalo ada berarti negara ini juga bisa KALAU MAU.",sistem negara benar tidak_perlu pajak negara kaya negara makmur tanpa_pajak tidak_berarti negara mau,negatif,negatif
207,ichemjambak,PAJAK ADALAH BENTUK KEDZOLIMAN.. SEMOGA SEMUA PETUGAS PAJAK MASUK NERAKA,pajak bentuk kedzoliman moga tugas pajak masuk neraka,negatif,negatif
208,daniswar_a,pajak nih dimana2 menghambat orang2 untuk maju ya,pajak hambat maju,negatif,negatif
209,mnbvcxzdfgjytr,GUYS KALIAN APA GAK GERAH YA LIAT PAJAK KALIAN DIBELIIN HERMES CHANEL YANG MILYARAN ITU SAMA ISTRI DAN ANAK PEJABAT??? KITA TUH DIMISKINKAN OLEH SISTEM GAK SIII,guys kalian tidak_gerah liat pajak kalian dibeliin hermes chanel milyaran sama istri anak jabat miskin sistem tidak,negatif,netral
210,farawawa_,"Salah satu Pajak yg gak masuk akal menurutku, Pajak Pesangon.. org kena PHK masih aja kena pajak.",salah satu pajak tidak_masuk akal turut pajak sangon kena phk kena pajak,negatif,negatif
211,noviantyilma,"I said it again: JYUJYUR JANGGAL BUAT NEGARA SEKAYA INI ALAMNYA, PENDAPATAN TERBESAR MASIH DARI PAJAK.",said again jyujyur janggal negara kaya alam dapat besar pajak,negatif,negatif
212,youggggga,"Uang pajak kita dikorupsi pejabat. Kita kepikiran untuk gak usah bayar pajak. Lha tapi kalau yang kerja jd pegawai, karyawan, dll kebanyakan gajinya udah potong pajak. Kira-kira gmn biar bisa gak bayar pajak? 🤔",uang pajak korupsi jabat pikir tidak_usah bayar pajak lha kerja pegawai karyawan banyak gaji potong pajak kira kira tidak_bayar pajak,negatif,negatif
213,agntsm,"Kaum lapisan kelas menengah kebawah yang tak pernah setor pajak... seenaknya nyaplak ayo mogok bayar pajak 😆😀😁, emang kapan lu setor pajaknya tong !!!! Mana udah buta perpajakan lagi.",kaum lapis kelas tengah bawah tak pernah setor pajak enak nyaplak ayo mogok bayar pajak setor pajak tong buta paja,positif,negatif
214,nixenz,Uang tunai tapi musti ada norek dan nama bank nya. Mereka yg di DJP nih ngerti definisi tunai ga sih? Dasar KO*T**! (dibaca: KORTEX!),uang tunai musti norek nama bank djp ngerti definisi tunai tidak_dasar baca kortex,negatif,negatif
215,wdystmr,"Jadiii aku sama suami alhamdulillah selama ini dicukupkan untuk rajin bayar zakat. dan pas lapor SPT 2025 kemarin, kita berdua masukan laporan zakat ke pelaporan SPT. ternyata jadi lebih bayar. yaudah deh dilaporkan, ehh hari ini di transfer negara. alhamdulillah bisa dipakai beli bensin. 🥺🥺",sama suami alhamdulillah lama cukup rajin bayar zakat pas lapor spt kemarin dua masuk lapor zakat lapor spt nyata bayar yaudah lapor ehh hari transfer negara alhamdulillah pakai beli bensin,positif,positif
216,kyrieelysn,"Kemarin coba lapor SPT pajak perdana secara mandiri, kaget tiba tiba ada kurang bayar segini 😭

Berasa kerja di eropa gw 😭
Untung masih bisa dibenerin lagi 😭👍",kemarin coba lapor spt pajak perdana mandiri kaget tiba tiba kurang_bayar gin asa kerja eropa untung dibenerin,netral,negatif
217,alteralvin,"Orang yg tau pajak bantu dong
Duit dividen udah dibeliin jajan, g lapor pajak SPT kira2 aman ga ya bang??
Was2 jg kalo tiba2 diblokir 
Lagian dapet divuden kecil cm 2jt masa harus urus segala keribetan pajaknya si
Aku ada si NPWP tapi non efektif jadi g pernah lapor SPT tahunan",tau pajak bantu uang dividen dibeliin jajan lapor pajak spt kira aman tidak_bang was tiba blokir lagi dapet divuden kecil masa urus segala keribetan pajak npwp non efektif pernah lapor spt tahun,negatif,positif
218,lesssummernotes,"AR sebenarnya sudah bisa membaca SPT mu dan kamu bisa diperiksa. Namun, tidak ada bahan untuk SP2DK. Oleh karena itu, jangan memicu pemeriksaan. Contohnya: buat SPT tahunan, LB, atau restitusi.",account representative benar baca spt periksa tidak_bahan jangan_memicu pemeriksaan contoh spt tahun restitusi,netral,positif
219,danilliong,"Siapa yang senasib dengan saya, dalam 2 minggu terakhir muncul sp2dk banyak banget 🥺.. setelah masa SPT muncul masa Sp2dk, kapan istirahatnya",nasib minggu akhir muncul masa spt muncul masa istirahat,negatif,netral
220,jaisyanwaruddin,"Ternyata, lebih enak lapor SPT di kantor pajaknya langsung gaess... 🤣🤣 gratis. Bisa konsultasi perpajakan, enak lah pokoknya.
..
Jadi Saya kan punya CV, punya istri, istri juga punya CV. Nah ini yang bikin bingung :
- apa di spt pribadi saya laporin yg cv saya juga?
- spt istri dilaporin di spt saya juga kah?
- CV istri dilporin di cv istri atau saya? 
- kalau byk CV omsetnya disatuin kah?
Dan Akhirna semua terjawaabb.. 😁 plong rasanya. Klo yg ngomong org pajak resmi kan valid ya.. 😁",nyata enak lapor spt kantor pajak langsung gaess gratis konsultasi paja enak pokok istri istri nah bikin bingung spt pribadi laporin spt istri dilaporin spt istri dilporin istri omset disatuin akhirna terjawaabb plong rasa ngomong pajak resmi valid,positif,netral
221,ferwij,"Punya rekening di banyak bank ternyata sangat merepotkan pada saat mau Laporan SPT Tahunan jaman now. 🙈

Padahal saldonya seiprit2 tok.",rekening bank nyata repot mau lapor spt tahun jaman now padahal saldo iprit tok,netral,netral
222,oktafiananatalia,"Iseng bikin shopi affiliate program. Pas buka coretax DUAAAAAAAAAAAAAAAR bukti potongnya banyak 😭 padahal gak seberapa juga nominalnya. 

Malah bikin repot",iseng bikin shopi affiliate program pas buka coretax duar bukti potong padahal tidak_seberapa nominal malah bikin repot,negatif,negatif
223,hovebydn,"Mau terima kasih sama mba mba yang udah share ini, 

Izin share ya ini sangat membantu banget dalam mengisi laporan SPT Tahunan di Coretax. 

sebagai panduan buat kalian juga tmen tmen warga threads buat lapor❤️",mau terima kasih sama mba mba share izin share bantu isi lapor spt tahun coretax pandu kalian tmen tmen warga threads lapor,positif,positif
224,manusiasaja2008,"Bang @bule_sampah slide yg ttg pajak, iya bener pajak Indonesia lebih rendah, tetapi ending2nya pajak tsb banyak yg dikorupsi, jadi rakyat tdk bisa menikmati pajaknya, selain itu pajak lebih rendah karena gaji juga jauhhhh lebih rendah bang.

Tetapi memang yg mau kabur aja dulu harus berpikir panjang dan mental kuat karena merantau di negara yg sgt berbeda dg negara sendiri banyak tantangannya.",bang slide ttg pajak benar pajak indonesia rendah ending pajak tsb korupsi rakyat tidak_menikmati pajak pajak rendah gaji jauh rendah bang mau kabur dulu pikir panjang mental kuat rantau negara sgt beda negara sendiri tantang,negatif,negatif
225,mclestari,"minggu ini udah 2 kali ada razia pajak di katapang depan eiger wkwkwk 
negara beneran keabisan duit gara-gara program gajelas😂😂😂",minggu kali razia pajak katapang depan eiger wkwkwk negara beneran abis uang gara gara program gajelas,netral,negatif
226,fadiaahn,Ga lapor SPT sanksinya apa yah? Walaupun aneh kita udah bayar pajak tapi gara2 ga lapor jadi kena sanksi.,tidak_lapor spt sanksi yah walaupun aneh bayar pajak gara tidak_lapor kena sanksi,netral,negatif
227,aureliagst,"Selama ini aku gak pernah lapor SPT tahunan. Tiap mau lapor tu takut denda😩
Kemarin aku coba buka coretax dan coba isi lapor SPT gitu. Sampe akhirnya status ""LEBIH BAYAR."" Jadi aku coba untuk langsung ke kantor DJP untuk lapor SPT pertama kalinya 🙈

Dibantu sama staffnya yang ramah & sangat membantu. Akhirnya emang lebih bayar dan lebihnya tuh lumayan banget.. kalo aku gak lapor SPT kemarin, aku gak bakal tau kalo aku ada lebih bayar.",lama tidak_pernah lapor spt tahun tiap mau lapor takut denda kemarin coba buka coretax coba isi lapor spt sampe akhir status bayar coba langsung kantor djp lapor spt pertama kali bantu sama staffnya ramah bantu akhir bayar lebih lumayan tidak_lapor spt kemarin tidak_bakal tau bayar,positif,positif
228,maskonsultanpajak,"Tidak melaporkan aset di SPT Tahunan, akan menimbulkan masalah di kemudian hari.",tidak_melaporkan aset spt tahun timbul masalah kemudian hari,positif,positif
229,alfath__hkm,"Ada new klien sampai bilang, “Nggak usah lapor pajak SPT Badan, bayar denda 1 juta aja, toh udah telat juga.”

Padahal ini yang salah paham,
Denda itu bukan pengganti kewajiban lapor pajak. Setelah kena denda pun, SPT Badan tetap wajib dilaporkan.

Belum lagi kalau ternyata:
1. status SPT kurang bayar, bisa kena bunga/sanksi lain
2. data DJP tidak matching
3. atau malah memicu pemeriksaan dan permintaan klarifikasi
Jadi jangan anggap denda itu “jalan pintas” supaya gak perlu lapor pajak ya

Perpanjangan batas pelaporan SPT Badan berakhir sampai bulan Mei ini. Tinggal beberapa hari lagi, jangan lupa segera lapor SPT Badan sebelum makin ribet nanti.

Jadi udah lapor belum ?",new klien bilang tidak_usah lapor pajak spt badan bayar denda juta telat padahal salah paham denda bukan_pengganti wajib lapor pajak kena denda spt badan tetap wajib lapor belum_ternyata status spt kurang_bayar kena bunga sanksi data djp tidak_matching malah picu pemeriksaan minta klarifikasi jangan_anggap denda jalan pintas tidak_perlu lapor pajak panjang batas lapor spt badan akhir bulan mei tinggal beberapa hari jangan_lupa segera lapor spt badan makin ribet lapor belum,positif,positif
230,fahrisal.97,"Teman saya pernah kena denda pajak.
Bukan karena kurang bayar pajak.

Tapi karena lupa lapor SPT Tahunan.

Padahal pajaknya sudah dipotong dari gaji tiap bulan. 👀
Ini salah satu kesalahpahaman paling sering.

“Pajak saya sudah dipotong kantor, jadi tidak perlu lapor lagi.”

Padahal… potong pajak ≠ lapor pajak.
Walaupun pajak gaji sudah dipotong perusahaan,
kita tetap wajib melaporkan SPT Tahunan ke Direktorat Jenderal Pajak.

Karena negara perlu tahu laporan pajak kita selama 1 tahun.",teman pernah kena denda pajak bukan_kurang bayar pajak lupa lapor spt tahun padahal pajak potong gaji tiap bulan salah satu kesalahpahaman paling sering pajak potong kantor tidak_perlu lapor padahal potong pajak lapor pajak walaupun pajak gaji potong usaha tetap wajib lapor spt tahun direktorat jenderal pajak negara perlu tahu lapor pajak lama tahun,positif,netral
231,legalizecoid,Siapa bilang telat lapor SPT gak bakal ketahuan? DJP sekarang otomatis nerbitin surat tagihan kayak gini.,bilang telat lapor spt tidak_bakal tahu djp sekarang otomatis nerbitin surat tagih kayak gin,positif,positif
232,jerrayasya,Gak susah kok lapor SPT Tahunan pribadi,tidak_susah lapor spt tahun pribadi,positif,positif
233,arn_95,"Unpopular opinion, menurut gue lapor pajak SPT Orang Pribadi lebih gampang pake Coretax 😅",unpopular opinion lapor pajak spt pribadi gampang pake coretax,positif,positif
234,briggitadvi,"Suamiku tahun lalu lapor SPT hasil nihil kenapa tahun ini lapor spt kok malah di blg kurang bayar 1jt an , kalo lapor bukannya harus nihil ya? Ini kenapa ada yg bisa kasi jawaban? Uda gaji dipotong pajak , kan perusahaannya jg uda lapor gaji karyawan. Tgl lapor aja kok krg bayar gimane , ya gamau bayar lah kita sejuta lho 😌",suami tahun lalu lapor spt hasil nihil tahun lapor spt malah blg kurang_bayar lapor bukan nihil kasi jawab uda gaji potong pajak usaha uda lapor gaji karyawan tanggal lapor krg bayar gimane gamau bayar juta lho,negatif,positif
235,agustintoga,Udah nggak bisa sembunyi lagi! Pemain Affiliate wajib lapor SPT tahun ini karena data makin transparan lewat Coretax. ❗,tidak_sembunyi main affiliate wajib lapor spt tahun data makin transparan lewat coretax,netral,positif
236,edy.setiawan.94,Orang sdh bayar pajak tapi belum lapor SPT kok dikesankan sebagai penjahat ya?,bayar pajak belum_lapor spt kesan jahat,negatif,negatif
237,adidah911,Aku memutuskan untuk ga lapor SPT😭,putus tidak_lapor spt,negatif,netral
238,devahrnd,"Alhamdulillah done lapor spt coretax yg bikin pusing ini, karena aku baru jualan antam dibulan oktober 2025 jd pelaporannya cuma omset okt-des 2025 

sebelum pada nanya cara lapornya gimana, MAAFF aku juga gatauu soalnya aku pake jasa lapor spt😂 yukk kakak2 pedagang antam jangan lupa lapor spt yaa 😌😌",alhamdulillah done lapor spt coretax bikin pusing baru jual antam bulan oktober lapor cuma omset okt des nanya cara lapor maaff gatauu soal pake jasa lapor spt yukk kakak dagang antam jangan_lupa lapor spt,positif,positif
239,sugiartiikikii,"Yang salah tuh SPT op yang lapor baru skrng, lu kemana aja anjirrrrrr udh dikasih keringanan. Ini anak SPT badan mau lapor dah semingguuuuuu coretaxnya error. Anak op enak denda 100rb, anak badan satu jutaaaa😭",salah spt lapor baru sekarang anjir kasih ringan anak spt badan mau lapor minggu coretaxnya error anak enak denda anak badan satu juta,netral,positif
240,mukti_hd,"Ke sekian kalinya ikut materi PMK 37 tentang pajak marketplace ini, baik dari internal DJP maupun dari eksternal lembaga.
PoV saya akhirnya menyimpulkan :

1. khusus teman2 seller shopee/tiktok dll, data makin ke rekam jelas di coretax, melalui bukti potong. konsekuensinya adalah, bagi yg omzet ny > 400 jt sebulan dan blm PKP otomatis masuk radar calon PKP selanjutnya. baik itu sub pribadi/dikukuhkan secara jabatan. +11% loh nanti

2. Review pricing stragey dan hpp. berat kalo harus nanggung 11%",sekian kali ikut materi pmk pajak marketplace baik internal djp maupun eksternal lembaga pov akhir simpul khusus teman seller shopee tiktok data makin rekam jelas coretax lalu bukti potong konsekuensi omzet bulan belum_pkp otomatis masuk radar calon pkp lanjut baik sub pribadi kukuh jabat review pricing stragey hpp berat nanggung,netral,netral
241,kancutberembun,Hmmm tiba2 menkeu tunda pajak toko online.... Setelah sudah berjalan 5 hari. 🗿,tiba menkeu tunda pajak toko online jalan hari,netral,negatif
242,naiiiiilizaiidahh,"Abis meeting sm DJP 
Allahuakbarrrr
Pajak pajak pajak pajakkkk

Jualan di Ecommerce lama2 gede biaya bayarnya + pajaknya 🫠🫠",abis meeting sama djp allahuakbar pajak pajak pajak pajak jual ecommerce lama besar biaya bayar pajak,negatif,negatif
243,inianaep,"Tentang Pemungutan PPh Ecommerce 0,5%

Untuk WP yang berhak untuk tidak dipungut PPh 22 ini, maka harus menyampaikan salah satu dokumen sebagai berikut : 

1. Orang Pribadi dengan omset sampai dengan 500 jt ===> Sampaikan Surat Pernyataan Omset sampai dengan 500 jt

2.. Selain wajib pajak pada angka 1, yang memiliki SKB PPh ===> Sampaikan SKB

jawab Ya nya di salah satu aja guys...",mungut pph ecommerce wajib pajak hak tidak_dipungut pph sampai salah satu dokumen ikut pribadi omset sampai surat nyata omset wajib pajak angka milik skb pph sampai skb jawab salah satu guys,netral,negatif
244,light_consulting27,"Di situasi saat ini untuk kalian yang memiliki bisnis dan usaha jangan sampai kalian melakukan pembukuan yang asal asalan ya, karena sampai diperiksa pajak dan semuanya berantakan usaha kalian bisa terancam gais",situasi kalian milik bisnis usaha jangan_kalian laku buku asal asal periksa pajak semua beranta usaha kalian ancam gais,positif,negatif
245,rofia_milla,aku mendingan ngerjain puluhan SPT orang lewat DJP online daripada ngerjain 1 SPT di coretax. Bisa di boikot aja gak sih coretax ini 😩,mending ngerjain puluh spt lewat djp online ngerjain spt coretax boikot tidak_coretax,negatif,netral
246,ilmansanjaya,Coretax busuk kali. Ironisnya lebih mudah daftar pinjol dibanding lapor SPT.,coretax busuk kali ironis mudah daftar pinjol banding lapor spt,negatif,positif
247,prslksn66_,"Edisi SP2DK.

Marilah kita coba sedikit berpikir positif, justru dengan adanya Coretax.

Wajib Pajak bisa tarik bukti potong secara langsung tanpa harus menghubungi customer dan menghemat waktu untuk menyusun tanggapan secara komprehensif.

Sehingga Wajib Pajak tidak perlu buang buang waktu, dan fokus pada temuan lainnya.",edisi mari coba sedikit pikir positif justru ada coretax wajib pajak tarik bukti potong langsung tanpa_menghubungi customer hemat susun tanggap komprehensif wajib pajak tidak_perlu buang buang fokus temu lain,positif,netral
248,setyanadyaaa,"Gw ga membela coretax ya, tapi baca utas orang2 di thread gw suka ketawa sendiri wkwkwk.

Kita semua membenci coretax dan marah karena aplikasinya kita anggap ga guna, tapi pas kita lapor SPT dan semua data penghasilan kita ternyata terkumpul muncul di coretax (as predicted) malah pada bilang ribet dan mending ga lapor.

Aplikasi ga sesuai harapan kita marah, aplikasi berjalan sesuai harapan kita tetep marah juga wkwkwk. Kita ini sebenernya ga tau kita maunya apa. Btw buruan dibenerin tuh app.",tidak_membela coretax baca utas thread suka ketawa sendiri wkwkwk benci coretax marah aplikasi anggap tidak_pas lapor spt data hasil nyata kumpul muncul coretax predicted malah bilang ribet mending tidak_lapor aplikasi tidak_sesuai harap marah aplikasi jalan sesuai harap tetep marah wkwkwk benar tidak_tau mau btw buru dibenerin app,netral,netral
249,adriboim,"Ternyata ketakutan atas coretax terlalu dilebih-lebihkan. Sistemnya jauh lebih ringkas dan mudah dibandingkan e-spt. a) lampiran yang gak relevan di hidden, b) bupot langsung keluar otomatis, c) pembayaran kurang pun langsung keluar kode billing.

Sudah dijalan yang benar. Lumayan.",nyata takut atas coretax terlalu lebih lebih sistem jauh ringkas mudah banding spt lampir tidak_relevan hidden bupot langsung keluar otomatis bayar kurang_langsung keluar kode billing jalan benar lumayan,positif,positif
250,stiara12,"Ya allah mau lapor pajak, ada aja kendala nya. Ini siapa sih yg bikin coretax? Bikin susah masyarakat aja😭😭

Ada yg ngalami kendala ini? Ini pas mau login ga bisa, udh di klik lupa kata sandi tpi aktivasi utk ganti kanta sandi ga kunjung masuk ke email maupun nomor telepon🤧🤧",allah mau lapor pajak kendala bikin coretax bikin susah masyarakat ngalami kendala pas mau login tidak_klik lupa kata sandi aktivasi ganti kanta sandi tidak_kunjung masuk email maupun nomor telepon,netral,positif
251,annisaydi,Udah difase gabisa ngomong apa apa lagi sama coretax udah capek banget tolong. Lembur berhari-hari untuk pembetulan data masa pajak Januari-November 2025 dan persiapan A1. Hari ini upload 850an Bukti Potong A1 (BP-A1) dan berujung error. Bruto yang harusnya penjumlahan dari beberapa aspek tapi pas import xml bruto yang tercantum cuma gaji aja. Lalu biaya jabatan yang harusnya jadi pengurang malah tidak. Berujung lapor dulu deposit untuk menggugurkan kewajiban lapor dan menghindari denda hadehhh,fase gabisa ngomong sama coretax capek lembur hari hari betul data masa pajak januari november siap hari upload bukti potong ujung error bruto jumlah beberapa aspek pas import xml bruto cantum cuma gaji lalu biaya jabat kurang malah tidak_berujung lapor dulu deposit gugur wajib lapor hindar denda hadeh,netral,positif
252,beno_lahardo,sumpah aku baru tau kalau ganti data rekening bank di coretax bisa by WA kantor tempat kita terdaftar aja,sumpah baru tau ganti data rekening bank coretax kantor tempat daftar,positif,negatif
253,oktafabri,"Fitur baru lagi di coretax, untuk preview Bukti Penerimaan Elektronik atau Bukti Lapor SPT. Kemajuan sedikit daripada yg sebelumnya yg harus banget dikirim via email.
Setelah klik preview - bisa langsung CTRL + P - Save as PDF biar sat set save BPEnya ✅",fitur baru coretax preview bukti terima elektronik bukti lapor spt maju sedikit belum kirim via email klik preview langsung ctrl save pdf sat set save bpenya,positif,netral
254,yusufshid,"Gue curiga. Coretax ini didesain buat memudahkan kerja petugas pajak.

Otomatisasinya banyak.
Kontrolnya rapih.
Audit trail-nya cakep.

Masalahnya, “mudah di mereka” sering artinya “pusing di kita”.
Selain wajib bayar pajak, kita juga wajib lapor SPT.

Memang ribet ges makanya harus belajar. Nih gue kasih referensi belajar ngisi SPT murah wk",curiga coretax desain mudah kerja tugas pajak otomatisasi kontrol rapih audit trail cakep masalah mudah sering arti pusing wajib bayar pajak wajib lapor spt ribet ges makanya ajar kasih referensi ajar ngisi spt murah,positif,positif
255,kopitax,"Yang lagi rame dibahas 🔥
Bupot Cashback & Affiliate

Menurut kopitax, begini cara melihatnya dari sisi pajak.
Bukan buat debat, tapi buat nambah sudut pandang ☕️

📌 Disclaimer:
Ini berdasarkan interpretasi aturan menurut kami,
Bisa aja beda dengan pendapat lain. 🫡

 #cashback #affiliate #coretax",rame bahas bupot cashback affiliate kopitax begini cara lihat sisi pajak bukan_debat nambah sudut pandang disclaimer dasar interpretasi atur beda dapat cashback affiliate coretax,positif,negatif
256,anasthaeka,"Tiba-tiba dapat email tagihan pajak. Apa nih? Perasaan gue patuh-patuh aja. Disuruh buka Coretax. Oke, tak buka. Gak gede nilainya, males ribut, ya udah langsung tak bayar lewat Ma**iri. Udah nih, beres. Pas mau lihat status pembayaran, bingung. Gak ada notif di Coretax, gak ada email masuk. Dih. Bilang makasih, kek, apa kek... Pajak gue lu pake buat MBG tiap hari jir... Giliran nagih heboh bener, pas langsung dibayar gak pake babibu, gak ada apresiasi...",tiba tiba email tagih pajak asa patuh patuh suruh buka coretax tak buka tidak_besar nilai males ribut langsung tak bayar lewat iri beres pas mau lihat status bayar bingung tidak_notif coretax tidak_email masuk dih bilang makasih kek kek pajak pake mbg tiap hari jir gilir nagih heboh benar pas langsung bayar tidak_pake babibu tidak_apresiasi,negatif,negatif
257,stellavanesa_,"Jgn kak..ngumpulin emas susah payah, selisih keuntungan kenaikan harga dianggap penghasilan dan disuru byr pajak... Mending kita jalan2 aja duitnya nggak usah diinvestasi.. haha 🫣
Beli emasnya pakai penghasilan yg sudah dikenakan pajak .. trus ada pph jual beli juga.. trus ada selisih harga dianggap keuntungan untuk dipungut pajaknya juga..OMG mantap👏",jangan_kak ngumpulin emas susah payah selisih untung naik harga anggap hasil disuru byr pajak mending jalan uang tidak_usah investasi haha beli emas pakai hasil kena pajak terus pph jual beli terus selisih harga anggap untung pungut pajak omg mantap,negatif,negatif
258,rafipradata,"Pengen tahu (dengan nada lembut)
POV Pegawai Pajak KPP

Dari program2 pemerintah yg banyak dikritisi, MBG, KDMP, dll. Sebagai garda terdepan marketing negara (yg rela dimaki2 Wajib Pajak) untuk mendapatkan pendapatan negara, ikut sebel gak? Atau yauda terserah karena gaji uda gedhe?

Kan biasanya marketing marah2 kalo orang produksi gak bener, jadi susah cari klien lagi.",ken tahu nada lembut pov pegawai pajak kpp program perintah kritisi mbg kdmp garda depan marketing negara rela maki wajib pajak dapat dapat negara ikut sebel tidak_yauda serah gaji uda gedhe biasa marketing marah produksi tidak_benar susah cari klien,netral,negatif
259,okto_handoko,"Dari pada buat bayar pajak, trus duitnya d pake foya2 pejabat, buat d korup pejabat MBG, buat jajan pejabat KDMP, mending gw ga usah bayar pajak…",bayar pajak terus uang pake foya jabat korup jabat mbg jajan jabat kdmp mending tidak_usah bayar pajak,negatif,negatif
260,yosaok_id,"Ironi hidup di negara yang sumber utama penghasilannya dari ""malak"" rakyat lewat pajak:
​Gaji turun? Langsung dipotong pajak (PPh).
​Sisa gaji buat belanja? Kena PPN 11%.
​Makan di resto? Kena Pajak
​Punya kendaraan? Bayar pajak, pake sisa gaji yang sdh bersih dr pajak.
​Punya rumah? Bayar PBB.",ironi hidup negara sumber utama hasil malak rakyat lewat pajak gaji turun langsung potong pajak pph sisa gaji belanja kena ppn makan resto kena pajak kendara bayar pajak pake sisa gaji bersih pajak rumah bayar pbb,negatif,negatif
261,aldiaan,"Tahun ini sebagai entrepreneur FULL dibikin ribet sama pemerintah perkara tetek bengek administasi perpajakan. Maret diribetin coretax, Juli urus surat pernyataan Shopee. Negara ribet meres uang rakyat segininya demi penerimaan pajak, tapi buat MBG & Kopdes duitnya dihambur-hamburkan.",tahun entrepreneur full bikin ribet sama perintah perkara tetek bengek administasi paja maret diribetin coretax juli urus surat nyata shopee negara ribet meres uang rakyat gin terima pajak mbg kopdes uang hambur hambur,negatif,negatif
262,yuliustr_,"Gimana ga makin betah tinggal di negara ini.
- Bayar pajak pakai uang sendiri dan wajib lapor sendiri 
- Gaji dipotong pajak tiap bulanya, pas mau pencairan JHT di potong pajak juga wedew
- Mau beli bahan bakar di pom wajib sertakan STNK yg sudah bayar pajak, kalau nunggak ga di layanin.
- MBG luar biasa program yang mensejaterakan siapa ?
- Merah Putih sudahlah.",tidak_makin betah tinggal negara bayar pajak pakai uang sendiri wajib lapor sendiri gaji potong pajak tiap bulanya pas mau cair jht potong pajak wedew mau beli bahan bakar pom wajib serta stnk bayar pajak nunggak tidak_layanin mbg luar biasa program mensejaterakan merah putih sudah,negatif,negatif
263,chronolover,"Kalomat yg adem saat menghadapi pemeriksaan adalah… “kami ingin menguji kepatuhan pajak” 
.
😤😤😤😤😤😤
Hampir gua nyolot…. Bangkeeee duit pajak dipake bancakan kita mau menguji pemakaian duitnya gimanaaa caranyaaa coeq???

Jangan ada yg nanya apa kontribusi gua ke negara…. Tahun lalu gua bayar pajak setara J5 2 biji… mungkin sebagian anggap itu kecil… tapi gua gak rela pajak segede itu dipake untuk MBG atau kopdes atau jalan2 bini mentri PU pake helikopter atau kegiatan bulshitt lainnya",kalomat adem hadap pemeriksaan uji patuh pajak hampir nyolot bangke uang pajak dipake bancak mau uji pakai uang cara coeq jangan_nanya kontribusi negara tahun lalu bayar pajak tara biji mungkin bagi anggap kecil tidak_rela pajak gede dipake mbg kopdes jalan bini tri pake helikopter giat bulshitt lain,negatif,negatif
264,zoevana,"crab mentality di indonesia beneran nyata sih. 
kemarin aku bagiin POV ku tentang aku PKP dari tahun 2022, udah bayar ppn 11% dari bruto semua transaksi toko onlineku. aku jujur, transparan, sesuai data di toko, biar terhindar dari SP2DK. 
tau apa yang terjadi? 
aku live jualan di spam katanya dukung korupsi.
upload video dibilang mendukung MBG.
diajak buat berhenti bayar pajak. 
Aku juga kesel korupsi, tp pajak kewajiban. mau tinggal di eropa jg bayar pajak. 
Mau usaha maju ya bayar pajak.",crab mentality indonesia beneran nyata kemarin bagiin pov pkp tahun bayar ppn bruto transaksi toko onlineku jujur transparan sesuai data toko hindar tau jadi live jual spam kata dukung korupsi upload video bilang dukung mbg ajak henti bayar pajak kesel korupsi pajak wajib mau tinggal eropa bayar pajak mau usaha maju bayar pajak,positif,negatif
